{
    "center_x": 41.46234893798828,
    "center_y": -1.1046175956726074,
    "center_z": 11.239116668701172,
    "size_x": 23.657001495361328,
    "size_y": 19.729000091552734,
    "size_z": 18.152999877929688
}