{
    "center_x": -8.045761108398438,
    "center_y": 28.262046813964844,
    "center_z": 17.290048599243164,
    "size_x": 16.628999710083008,
    "size_y": 18.642000198364258,
    "size_z": 16.407999992370605
}