{
    "center_x": 7.532607555389404,
    "center_y": 8.703927040100098,
    "center_z": 22.71200180053711,
    "size_x": 17.534000396728516,
    "size_y": 15.39900016784668,
    "size_z": 22.067001342773438
}