{
    "center_x": 19.824541091918945,
    "center_y": -25.134767532348633,
    "center_z": 7.843615531921387,
    "size_x": 17.10700035095215,
    "size_y": 13.119001388549805,
    "size_z": 15.169000148773193
}