{
    "center_x": -20.730741500854492,
    "center_y": 12.02825927734375,
    "center_z": 0.5778889060020447,
    "size_x": 16.89900016784668,
    "size_y": 20.95199966430664,
    "size_z": 17.44700002670288
}