{
    "center_x": -22.75200080871582,
    "center_y": -18.276100158691406,
    "center_z": -39.385101318359375,
    "size_x": 14.760000228881836,
    "size_y": 14.824999809265137,
    "size_z": 12.558998107910156
}