{
    "center_x": 17.373489379882812,
    "center_y": 8.386626243591309,
    "center_z": 11.327862739562988,
    "size_x": 22.102998733520508,
    "size_y": 21.170000076293945,
    "size_z": 19.72599983215332
}