{
    "center_x": 54.979183197021484,
    "center_y": -21.053503036499023,
    "center_z": -10.71786117553711,
    "size_x": 17.119998931884766,
    "size_y": 23.823999404907227,
    "size_z": 18.216999053955078
}