{
    "center_x": -0.16059212386608124,
    "center_y": -0.5512841939926147,
    "center_z": -0.139265775680542,
    "size_x": 19.4753999710083,
    "size_y": 19.085000038146973,
    "size_z": 18.131600379943848
}