{
    "center_x": 16.63185691833496,
    "center_y": -6.700928688049316,
    "center_z": 14.475285530090332,
    "size_x": 15.118000984191895,
    "size_y": 18.92099952697754,
    "size_z": 20.348999977111816
}