{
    "center_x": -29.022764205932617,
    "center_y": 1.9021198749542236,
    "center_z": 1.0602800846099854,
    "size_x": 18.46500015258789,
    "size_y": 20.78600025177002,
    "size_z": 13.788000106811523
}