{
    "center_x": 4.392475605010986,
    "center_y": -15.989094734191895,
    "center_z": -10.368715286254883,
    "size_x": 15.432000160217285,
    "size_y": 15.678000450134277,
    "size_z": 19.55299949645996
}