{
    "center_x": 72.04000091552734,
    "center_y": 15.83712100982666,
    "center_z": 68.64506530761719,
    "size_x": 19.9010009765625,
    "size_y": 21.453001022338867,
    "size_z": 17.507003784179688
}