{
    "center_x": 11.695954322814941,
    "center_y": -12.823294639587402,
    "center_z": -8.435613632202148,
    "size_x": 21.801000595092773,
    "size_y": 19.18899917602539,
    "size_z": 23.711000442504883
}