{
    "center_x": -0.02929072454571724,
    "center_y": -0.6342018842697144,
    "center_z": -0.017377709969878197,
    "size_x": 18.00950050354004,
    "size_y": 19.355899810791016,
    "size_z": 24.163299560546875
}