{
    "center_x": 69.17878723144531,
    "center_y": 45.22884750366211,
    "center_z": 25.37509536743164,
    "size_x": 20.389999389648438,
    "size_y": 23.200000762939453,
    "size_z": 17.329999923706055
}