{
    "center_x": -41.889652252197266,
    "center_y": 31.350780487060547,
    "center_z": 9.013998985290527,
    "size_x": 16.367000579833984,
    "size_y": 17.91400146484375,
    "size_z": 17.042999744415283
}