{
    "center_x": 22.92587661743164,
    "center_y": -12.64124870300293,
    "center_z": -27.16887664794922,
    "size_x": 13.340999603271484,
    "size_y": 13.751999855041504,
    "size_z": 14.338998794555664
}