{
    "center_x": 31.483718872070312,
    "center_y": 51.94576644897461,
    "center_z": 15.583904266357422,
    "size_x": 17.034997940063477,
    "size_y": 15.716999053955078,
    "size_z": 17.46399974822998
}