{
    "center_x": 4.736481189727783,
    "center_y": -22.119108200073242,
    "center_z": 44.04155731201172,
    "size_x": 14.85699987411499,
    "size_y": 18.49799919128418,
    "size_z": 18.161998748779297
}