{
    "center_x": 14.249091148376465,
    "center_y": 8.60281753540039,
    "center_z": -0.137727290391922,
    "size_x": 14.994998931884766,
    "size_y": 12.30400037765503,
    "size_z": 15.286999702453613
}