{
    "center_x": -27.275617599487305,
    "center_y": 2.1372859477996826,
    "center_z": -4.782524108886719,
    "size_x": 16.378000259399414,
    "size_y": 19.253999710083008,
    "size_z": 12.934000253677368
}