{
    "center_x": -0.25996431708335876,
    "center_y": -0.5490404367446899,
    "center_z": 0.14653566479682922,
    "size_x": 16.51420021057129,
    "size_y": 20.08240032196045,
    "size_z": 18.134699821472168
}