{
    "center_x": 11.034956932067871,
    "center_y": 18.680086135864258,
    "center_z": 27.492650985717773,
    "size_x": 17.910000324249268,
    "size_y": 17.402000427246094,
    "size_z": 16.711999893188477
}