{
    "center_x": 11.764286994934082,
    "center_y": 49.303287506103516,
    "center_z": 49.00628662109375,
    "size_x": 13.256000518798828,
    "size_y": 11.43600082397461,
    "size_z": 13.828998565673828
}