{
    "center_x": -0.487666517496109,
    "center_y": 24.02283477783203,
    "center_z": -11.154566764831543,
    "size_x": 22.05900001525879,
    "size_y": 13.176000595092773,
    "size_z": 25.456000328063965
}