{
    "center_x": 14.937888145446777,
    "center_y": 9.380887985229492,
    "center_z": 6.124555587768555,
    "size_x": 12.666999816894531,
    "size_y": 11.28600025177002,
    "size_z": 14.867000579833984
}