{
    "center_x": -1.4696362018585205,
    "center_y": 8.102727890014648,
    "center_z": 14.25709056854248,
    "size_x": 20.35200023651123,
    "size_y": 24.770000457763672,
    "size_z": 17.171000480651855
}