{
    "center_x": -1.3623076677322388,
    "center_y": -6.08238410949707,
    "center_z": 107.60053253173828,
    "size_x": 15.074999809265137,
    "size_y": 15.964999675750732,
    "size_z": 12.525001525878906
}