{
    "center_x": 33.197200775146484,
    "center_y": -6.633700370788574,
    "center_z": -10.596665382385254,
    "size_x": 15.927999496459961,
    "size_y": 20.085000038146973,
    "size_z": 19.975000381469727
}