{
    "center_x": -0.04778752848505974,
    "center_y": -0.5589160323143005,
    "center_z": 0.03466787561774254,
    "size_x": 19.419300079345703,
    "size_y": 19.931800842285156,
    "size_z": 21.130499839782715
}