{
    "center_x": 16.355857849121094,
    "center_y": 28.164709091186523,
    "center_z": 4.06757116317749,
    "size_x": 15.246000289916992,
    "size_y": 15.91400146484375,
    "size_z": 13.549999952316284
}