{
    "center_x": 22.795900344848633,
    "center_y": -0.7616000175476074,
    "center_z": 70.87930297851562,
    "size_x": 13.570999145507812,
    "size_y": 14.17199993133545,
    "size_z": 12.354995727539062
}