{
    "center_x": 58.23841857910156,
    "center_y": 67.0,
    "center_z": 60.48258590698242,
    "size_x": 15.543998718261719,
    "size_y": 13.167999267578125,
    "size_z": 14.068000793457031
}