{
    "center_x": -0.05662064626812935,
    "center_y": -0.41366463899612427,
    "center_z": -0.11939703673124313,
    "size_x": 16.781399726867676,
    "size_y": 14.931300163269043,
    "size_z": 18.970399856567383
}