{
    "center_x": 20.101497650146484,
    "center_y": 21.918502807617188,
    "center_z": 9.463500022888184,
    "size_x": 16.878000259399414,
    "size_y": 17.424999237060547,
    "size_z": 12.605000019073486
}