{
    "center_x": 32.68479919433594,
    "center_y": 33.84349822998047,
    "center_z": 47.37900161743164,
    "size_x": 12.979999542236328,
    "size_y": 12.794998168945312,
    "size_z": 15.126998901367188
}