{
    "center_x": 0.1364142745733261,
    "center_y": 0.0670476108789444,
    "center_z": -0.1952619105577469,
    "size_x": 15.40820026397705,
    "size_y": 14.36139965057373,
    "size_z": 13.730199813842773
}