{
    "center_x": 30.859621047973633,
    "center_y": 53.849998474121094,
    "center_z": 19.438499450683594,
    "size_x": 18.19300079345703,
    "size_y": 15.769996643066406,
    "size_z": 16.43000030517578
}