{
    "center_x": 12.636760711669922,
    "center_y": 7.160039901733398,
    "center_z": 19.359758377075195,
    "size_x": 17.142001152038574,
    "size_y": 18.402999877929688,
    "size_z": 19.17699909210205
}