{
    "center_x": -8.090899467468262,
    "center_y": 32.56449890136719,
    "center_z": -12.22029972076416,
    "size_x": 12.67799997329712,
    "size_y": 14.284000396728516,
    "size_z": 14.284000396728516
}