{
    "center_x": -9.5104341506958,
    "center_y": 48.70351791381836,
    "center_z": 38.09178161621094,
    "size_x": 15.032000064849854,
    "size_y": 19.63699722290039,
    "size_z": 20.54800033569336
}