{
    "center_x": -0.16059203445911407,
    "center_y": -0.5512763857841492,
    "center_z": -0.13927900791168213,
    "size_x": 23.694299697875977,
    "size_y": 16.91860008239746,
    "size_z": 17.076600074768066
}