{
    "center_x": -1.8137000799179077,
    "center_y": -0.48319998383522034,
    "center_z": -4.023799896240234,
    "size_x": 14.604000091552734,
    "size_y": 16.250999927520752,
    "size_z": 12.247999906539917
}