{
    "center_x": 0.13640473783016205,
    "center_y": 0.06703811138868332,
    "center_z": -0.195280984044075,
    "size_x": 14.016600131988525,
    "size_y": 14.02720022201538,
    "size_z": 16.366999626159668
}