{
    "center_x": 43.07991027832031,
    "center_y": 75.60227966308594,
    "center_z": 51.8393669128418,
    "size_x": 14.761001586914062,
    "size_y": 14.655998229980469,
    "size_z": 12.270000457763672
}