{
    "center_x": 83.38379669189453,
    "center_y": -43.062740325927734,
    "center_z": 65.72480773925781,
    "size_x": 24.769004821777344,
    "size_y": 17.367000579833984,
    "size_z": 17.135997772216797
}