{
    "center_x": 32.30906295776367,
    "center_y": 5.2049431800842285,
    "center_z": -4.403371810913086,
    "size_x": 23.400999069213867,
    "size_y": 19.77299976348877,
    "size_z": 17.79200029373169
}