{
    "center_x": -8.503499984741211,
    "center_y": 7.946357250213623,
    "center_z": 17.46271514892578,
    "size_x": 14.962000370025635,
    "size_y": 14.609000205993652,
    "size_z": 15.284998893737793
}