{
    "center_x": -0.10480868071317673,
    "center_y": 0.044717393815517426,
    "center_z": -0.028121745213866234,
    "size_x": 15.57859992980957,
    "size_y": 16.848400115966797,
    "size_z": 16.476200103759766
}