{
    "center_x": -0.0127865020185709,
    "center_y": -0.7116520404815674,
    "center_z": -0.0770731121301651,
    "size_x": 19.633899688720703,
    "size_y": 20.961299896240234,
    "size_z": 21.00659942626953
}