{
    "center_x": 59.62615203857422,
    "center_y": 28.97015380859375,
    "center_z": 26.835693359375,
    "size_x": 16.999000549316406,
    "size_y": 19.707998275756836,
    "size_z": 16.836999893188477
}