{
    "center_x": 27.569072723388672,
    "center_y": -1.459142804145813,
    "center_z": 28.758214950561523,
    "size_x": 13.252998352050781,
    "size_y": 18.369999885559082,
    "size_z": 14.57499885559082
}