{
    "center_x": 10.418600082397461,
    "center_y": 19.647720336914062,
    "center_z": 29.782482147216797,
    "size_x": 15.899999618530273,
    "size_y": 21.21500015258789,
    "size_z": 16.790998458862305
}