{
    "center_x": 15.81908893585205,
    "center_y": 51.45257568359375,
    "center_z": 39.24457550048828,
    "size_x": 20.004000663757324,
    "size_y": 22.016002655029297,
    "size_z": 19.51400375366211
}