{
    "center_x": -61.0693473815918,
    "center_y": -56.96230697631836,
    "center_z": 35.59851837158203,
    "size_x": 17.89200210571289,
    "size_y": 17.259998321533203,
    "size_z": 19.65300178527832
}