{
    "center_x": -42.26863479614258,
    "center_y": 20.374589920043945,
    "center_z": -61.409366607666016,
    "size_x": 16.772003173828125,
    "size_y": 18.586000442504883,
    "size_z": 16.79399871826172
}