{
    "center_x": -13.280587196350098,
    "center_y": -28.690120697021484,
    "center_z": 2.2962355613708496,
    "size_x": 20.28700065612793,
    "size_y": 13.87700080871582,
    "size_z": 15.09000015258789
}