{
    "center_x": -28.102558135986328,
    "center_y": 7.969764232635498,
    "center_z": -1.8741763830184937,
    "size_x": 22.942001342773438,
    "size_y": 20.44700050354004,
    "size_z": 19.126999855041504
}