{
    "center_x": 20.83656883239746,
    "center_y": 13.280435562133789,
    "center_z": 9.23282527923584,
    "size_x": 15.343999862670898,
    "size_y": 15.880999565124512,
    "size_z": 19.72000026702881
}