{
    "center_x": 12.933751106262207,
    "center_y": 136.76254272460938,
    "center_z": 45.91314697265625,
    "size_x": 18.06900119781494,
    "size_y": 15.375991821289062,
    "size_z": 13.676998138427734
}