{
    "center_x": -0.323241651058197,
    "center_y": -0.4680750072002411,
    "center_z": -0.019649960100650787,
    "size_x": 16.680299758911133,
    "size_y": 17.219300270080566,
    "size_z": 19.370399475097656
}