{
    "center_x": -20.217199325561523,
    "center_y": 35.1871337890625,
    "center_z": 4.881666660308838,
    "size_x": 15.551000595092773,
    "size_y": 15.372997283935547,
    "size_z": 15.513999938964844
}