{
    "center_x": 24.93345832824707,
    "center_y": 23.490999221801758,
    "center_z": 99.91374969482422,
    "size_x": 20.656999588012695,
    "size_y": 17.577999114990234,
    "size_z": 23.006996154785156
}