{
    "center_x": 62.2417106628418,
    "center_y": 17.753873825073242,
    "center_z": 44.64017868041992,
    "size_x": 24.17200469970703,
    "size_y": 21.04900074005127,
    "size_z": 20.143001556396484
}