{
    "center_x": 10.000299453735352,
    "center_y": 7.3336501121521,
    "center_z": 13.915550231933594,
    "size_x": 17.125,
    "size_y": 20.875999450683594,
    "size_z": 17.314000129699707
}