{
    "center_x": 1.0965715646743774,
    "center_y": 6.755000114440918,
    "center_z": -31.53371810913086,
    "size_x": 13.17900013923645,
    "size_y": 18.578999519348145,
    "size_z": 12.39900016784668
}