{
    "center_x": 19.38576316833496,
    "center_y": -11.719429016113281,
    "center_z": 3.5849053859710693,
    "size_x": 14.465999603271484,
    "size_y": 19.631000518798828,
    "size_z": 17.868000030517578
}