{
    "center_x": -12.889169692993164,
    "center_y": -20.102231979370117,
    "center_z": 27.77317237854004,
    "size_x": 19.065000534057617,
    "size_y": 26.13800048828125,
    "size_z": 14.443000793457031
}