{
    "center_x": 17.878761291503906,
    "center_y": -6.196237564086914,
    "center_z": -23.976999282836914,
    "size_x": 20.125,
    "size_y": 13.980999946594238,
    "size_z": 14.920999526977539
}