{
    "center_x": -26.19964599609375,
    "center_y": -5.193777561187744,
    "center_z": 30.072410583496094,
    "size_x": 34.36199951171875,
    "size_y": 23.687999725341797,
    "size_z": 18.705997467041016
}