{
    "center_x": 78.3790512084961,
    "center_y": 72.30352020263672,
    "center_z": 36.785186767578125,
    "size_x": 21.251998901367188,
    "size_y": 15.650001525878906,
    "size_z": 14.731998443603516
}