{
    "center_x": -0.023963307961821556,
    "center_y": -0.566946804523468,
    "center_z": -0.11931828409433365,
    "size_x": 17.031099796295166,
    "size_y": 24.370800018310547,
    "size_z": 18.283599853515625
}