{
    "center_x": 49.62153244018555,
    "center_y": 53.586002349853516,
    "center_z": 19.017547607421875,
    "size_x": 18.895000457763672,
    "size_y": 20.35900115966797,
    "size_z": 17.512999534606934
}