{
    "center_x": 11.012687683105469,
    "center_y": -22.301250457763672,
    "center_z": -18.804561614990234,
    "size_x": 16.425000190734863,
    "size_y": 15.362998962402344,
    "size_z": 13.580999374389648
}