{
    "center_x": 0.764449954032898,
    "center_y": -38.5611457824707,
    "center_z": -0.12644998729228973,
    "size_x": 12.823999881744385,
    "size_y": 17.136001586914062,
    "size_z": 18.366999626159668
}