{
    "center_x": 30.964622497558594,
    "center_y": 10.583723068237305,
    "center_z": -25.88765525817871,
    "size_x": 19.602001190185547,
    "size_y": 20.66900062561035,
    "size_z": 17.57200050354004
}