{
    "center_x": 69.36311340332031,
    "center_y": 38.16807174682617,
    "center_z": 1.3426666259765625,
    "size_x": 18.657997131347656,
    "size_y": 18.77199935913086,
    "size_z": 18.67300033569336
}