{
    "center_x": -0.01978946290910244,
    "center_y": 69.42900848388672,
    "center_z": 38.25215530395508,
    "size_x": 17.85200023651123,
    "size_y": 17.6719970703125,
    "size_z": 13.176002502441406
}