{
    "center_x": 69.80133056640625,
    "center_y": -0.06937501579523087,
    "center_z": -1.7583751678466797,
    "size_x": 16.6719970703125,
    "size_y": 16.984999656677246,
    "size_z": 22.027000427246094
}