{
    "center_x": 20.64983367919922,
    "center_y": 32.14083480834961,
    "center_z": -8.804165840148926,
    "size_x": 13.25,
    "size_y": 12.801000595092773,
    "size_z": 12.268999576568604
}