{
    "center_x": 35.978599548339844,
    "center_y": 39.4821662902832,
    "center_z": -4.885456562042236,
    "size_x": 20.375,
    "size_y": 18.7030029296875,
    "size_z": 22.385000228881836
}