{
    "center_x": -0.034041617065668106,
    "center_y": 0.006275007966905832,
    "center_z": -0.10448750853538513,
    "size_x": 15.786600112915039,
    "size_y": 14.944900035858154,
    "size_z": 16.97189998626709
}