{
    "center_x": 36.70071792602539,
    "center_y": 58.406494140625,
    "center_z": 77.46113586425781,
    "size_x": 13.804000854492188,
    "size_y": 14.054000854492188,
    "size_z": 16.869003295898438
}