{
    "center_x": 24.479999542236328,
    "center_y": 30.593149185180664,
    "center_z": 31.032800674438477,
    "size_x": 19.082000732421875,
    "size_y": 18.089998245239258,
    "size_z": 15.08599853515625
}