{
    "center_x": 38.56203842163086,
    "center_y": 34.83403778076172,
    "center_z": 19.01785659790039,
    "size_x": 20.329998016357422,
    "size_y": 14.867000579833984,
    "size_z": 17.69499969482422
}