{
    "center_x": -32.759002685546875,
    "center_y": 5.181909084320068,
    "center_z": -10.214682579040527,
    "size_x": 15.815000534057617,
    "size_y": 16.92400026321411,
    "size_z": 17.773000240325928
}