{
    "center_x": -23.412569046020508,
    "center_y": -38.510467529296875,
    "center_z": 40.23067092895508,
    "size_x": 24.586999893188477,
    "size_y": 26.009998321533203,
    "size_z": 23.8439998626709
}