{
    "center_x": 68.70660400390625,
    "center_y": 34.922000885009766,
    "center_z": 19.39750099182129,
    "size_x": 18.18199920654297,
    "size_y": 15.967002868652344,
    "size_z": 14.152999877929688
}