{
    "center_x": 0.012648253701627254,
    "center_y": -0.26200002431869507,
    "center_z": -0.19501721858978271,
    "size_x": 15.742000102996826,
    "size_y": 17.428199768066406,
    "size_z": 17.740599632263184
}