{
    "center_x": 22.640501022338867,
    "center_y": 15.904816627502441,
    "center_z": 32.53286361694336,
    "size_x": 20.354999542236328,
    "size_y": 19.562000274658203,
    "size_z": 15.39000129699707
}