{
    "center_x": -0.18633513152599335,
    "center_y": -0.47840267419815063,
    "center_z": -0.08375415205955505,
    "size_x": 15.164299964904785,
    "size_y": 21.613100051879883,
    "size_z": 21.6875
}