{
    "center_x": 15.355570793151855,
    "center_y": -21.664669036865234,
    "center_z": -23.25652503967285,
    "size_x": 16.44400119781494,
    "size_y": 17.424999237060547,
    "size_z": 15.006000518798828
}