{
    "center_x": 3.4473750591278076,
    "center_y": -12.82833194732666,
    "center_z": -10.802998542785645,
    "size_x": 20.513999938964844,
    "size_y": 15.430999755859375,
    "size_z": 14.60200023651123
}