{
    "center_x": 21.091224670410156,
    "center_y": 9.894221305847168,
    "center_z": 0.4447222352027893,
    "size_x": 13.913000106811523,
    "size_y": 18.88599967956543,
    "size_z": 15.32200002670288
}