{
    "center_x": 2.457249879837036,
    "center_y": -22.595500946044922,
    "center_z": 14.603500366210938,
    "size_x": 12.98799991607666,
    "size_y": 14.02199935913086,
    "size_z": 14.398000717163086
}