{
    "center_x": -19.672229766845703,
    "center_y": 5.853962421417236,
    "center_z": -11.941425323486328,
    "size_x": 16.667999267578125,
    "size_y": 16.20300006866455,
    "size_z": 17.546000480651855
}