{
    "center_x": 0.028415774926543236,
    "center_y": 0.08220523595809937,
    "center_z": -0.10317369550466537,
    "size_x": 18.452699661254883,
    "size_y": 14.398099899291992,
    "size_z": 15.137399673461914
}