{
    "center_x": -14.550308227539062,
    "center_y": -6.507461071014404,
    "center_z": 20.914846420288086,
    "size_x": 17.606000900268555,
    "size_y": 14.535000324249268,
    "size_z": 12.847000122070312
}