{
    "center_x": -19.299304962158203,
    "center_y": -22.087696075439453,
    "center_z": -25.645893096923828,
    "size_x": 19.902999877929688,
    "size_y": 21.057998657226562,
    "size_z": 21.30500030517578
}