{
    "center_x": -20.04800033569336,
    "center_y": 17.082666397094727,
    "center_z": 28.165334701538086,
    "size_x": 12.828998565673828,
    "size_y": 13.548999786376953,
    "size_z": 14.304000854492188
}