{
    "center_x": 2.0419232845306396,
    "center_y": 48.08668899536133,
    "center_z": 43.365840911865234,
    "size_x": 15.979000091552734,
    "size_y": 14.46500015258789,
    "size_z": 12.230998992919922
}