{
    "center_x": 13.778083801269531,
    "center_y": 10.821125030517578,
    "center_z": 38.166873931884766,
    "size_x": 18.321999549865723,
    "size_y": 16.41699981689453,
    "size_z": 19.227001190185547
}