{
    "center_x": 25.89422035217285,
    "center_y": -10.438861846923828,
    "center_z": -11.488471984863281,
    "size_x": 18.958999633789062,
    "size_y": 20.595999717712402,
    "size_z": 20.823999404907227
}