{
    "center_x": 1.762795329093933,
    "center_y": 3.4170455932617188,
    "center_z": 15.134591102600098,
    "size_x": 20.5649995803833,
    "size_y": 20.289000511169434,
    "size_z": 18.483999252319336
}