{
    "center_x": -30.344335556030273,
    "center_y": -11.896332740783691,
    "center_z": 13.346081733703613,
    "size_x": 15.906000137329102,
    "size_y": 12.725000381469727,
    "size_z": 14.73900032043457
}