{
    "center_x": -2.671511650085449,
    "center_y": -10.604776382446289,
    "center_z": 21.10834312438965,
    "size_x": 28.661998748779297,
    "size_y": 21.21500015258789,
    "size_z": 22.154000282287598
}