{
    "center_x": -13.281515121459961,
    "center_y": -7.791683673858643,
    "center_z": 21.754369735717773,
    "size_x": 19.130001068115234,
    "size_y": 18.84600067138672,
    "size_z": 22.81899929046631
}