{
    "center_x": 28.264644622802734,
    "center_y": 44.14893341064453,
    "center_z": 16.529285430908203,
    "size_x": 13.834001541137695,
    "size_y": 13.849998474121094,
    "size_z": 17.423999786376953
}