{
    "center_x": -0.06943076848983765,
    "center_y": -0.23168078064918518,
    "center_z": -0.11520002782344818,
    "size_x": 14.813300132751465,
    "size_y": 16.386500358581543,
    "size_z": 17.160900115966797
}