{
    "center_x": 1.8087692260742188,
    "center_y": 9.85280704498291,
    "center_z": -18.949729919433594,
    "size_x": 16.976999759674072,
    "size_y": 15.20199966430664,
    "size_z": 22.019001007080078
}