{
    "center_x": -0.28973332047462463,
    "center_y": -0.5363643169403076,
    "center_z": 0.06737992912530899,
    "size_x": 22.992599487304688,
    "size_y": 16.6419997215271,
    "size_z": 19.561500549316406
}