{
    "center_x": 32.06978225708008,
    "center_y": 8.752147674560547,
    "center_z": 25.229700088500977,
    "size_x": 16.92300033569336,
    "size_y": 17.307000160217285,
    "size_z": 19.29199981689453
}