{
    "center_x": 55.4924201965332,
    "center_y": 2.581157922744751,
    "center_z": 56.51010513305664,
    "size_x": 12.012001037597656,
    "size_y": 16.579999923706055,
    "size_z": 19.031997680664062
}