{
    "center_x": -0.05662646144628525,
    "center_y": -0.4136735498905182,
    "center_z": -0.11940588802099228,
    "size_x": 15.430299758911133,
    "size_y": 17.083499908447266,
    "size_z": 17.6496000289917
}