{
    "center_x": 21.012317657470703,
    "center_y": 4.95363187789917,
    "center_z": 1.532052755355835,
    "size_x": 17.99100112915039,
    "size_y": 13.111999988555908,
    "size_z": 16.033999919891357
}