{
    "center_x": 39.47850036621094,
    "center_y": 112.79710388183594,
    "center_z": 82.11329650878906,
    "size_x": 23.907997131347656,
    "size_y": 16.907005310058594,
    "size_z": 17.525001525878906
}