{
    "center_x": -0.05766773596405983,
    "center_y": -0.5846270322799683,
    "center_z": -0.10743910819292068,
    "size_x": 20.27519989013672,
    "size_y": 16.217899799346924,
    "size_z": 23.138200759887695
}