{
    "center_x": -0.2005726844072342,
    "center_y": -0.630170464515686,
    "center_z": 0.07245229929685593,
    "size_x": 19.17990016937256,
    "size_y": 17.97070026397705,
    "size_z": 16.976900100708008
}