{
    "center_x": 14.45787525177002,
    "center_y": -2.0422914028167725,
    "center_z": 3.682708501815796,
    "size_x": 17.397000312805176,
    "size_y": 20.597999572753906,
    "size_z": 14.55299997329712
}