{
    "center_x": 92.74539947509766,
    "center_y": 8.791149139404297,
    "center_z": 30.71746826171875,
    "size_x": 25.102005004882812,
    "size_y": 17.560999870300293,
    "size_z": 18.262998580932617
}