{
    "center_x": 17.670654296875,
    "center_y": -2.9812071323394775,
    "center_z": 10.242276191711426,
    "size_x": 22.424999237060547,
    "size_y": 18.21399974822998,
    "size_z": 14.741000175476074
}