{
    "center_x": -0.031900063157081604,
    "center_y": -0.8344079852104187,
    "center_z": -0.1388779580593109,
    "size_x": 22.027799606323242,
    "size_y": 19.08839988708496,
    "size_z": 19.79949951171875
}