{
    "center_x": 23.467632293701172,
    "center_y": -5.916052341461182,
    "center_z": -4.43115758895874,
    "size_x": 15.23900032043457,
    "size_y": 17.765000343322754,
    "size_z": 17.27999973297119
}