{
    "center_x": 28.164649963378906,
    "center_y": 5.310588359832764,
    "center_z": 58.67170715332031,
    "size_x": 14.354000091552734,
    "size_y": 13.924999952316284,
    "size_z": 19.779003143310547
}