{
    "center_x": -0.10585332661867142,
    "center_y": -0.3145733177661896,
    "center_z": -0.2720699906349182,
    "size_x": 16.41200017929077,
    "size_y": 19.53689956665039,
    "size_z": 15.992000102996826
}