{
    "center_x": -38.94022750854492,
    "center_y": -113.87189483642578,
    "center_z": 222.93955993652344,
    "size_x": 15.221000671386719,
    "size_y": 17.404006958007812,
    "size_z": 22.483001708984375
}