{
    "center_x": -31.597564697265625,
    "center_y": -12.903843879699707,
    "center_z": -24.920822143554688,
    "size_x": 23.873001098632812,
    "size_y": 17.415000915527344,
    "size_z": 23.4320011138916
}