{
    "center_x": 5.4492669105529785,
    "center_y": -18.645666122436523,
    "center_z": 26.997800827026367,
    "size_x": 14.6080002784729,
    "size_y": 13.48699951171875,
    "size_z": 18.011999130249023
}