{
    "center_x": -0.10584999620914459,
    "center_y": -0.31456664204597473,
    "center_z": -0.2720566987991333,
    "size_x": 16.178199768066406,
    "size_y": 17.1628999710083,
    "size_z": 15.68559980392456
}