{
    "center_x": 2.3118667602539062,
    "center_y": 0.8393334150314331,
    "center_z": 26.370399475097656,
    "size_x": 15.907000064849854,
    "size_y": 15.698999881744385,
    "size_z": 14.753999710083008
}