{
    "center_x": 4.587469100952148,
    "center_y": -9.65540599822998,
    "center_z": 22.207151412963867,
    "size_x": 17.960000038146973,
    "size_y": 19.179000854492188,
    "size_z": 22.873001098632812
}