{
    "center_x": -12.095636367797852,
    "center_y": 14.732970237731934,
    "center_z": 49.40447998046875,
    "size_x": 20.64099884033203,
    "size_y": 19.314000129699707,
    "size_z": 16.769001007080078
}