{
    "center_x": 34.94173049926758,
    "center_y": -33.31877899169922,
    "center_z": -36.6565055847168,
    "size_x": 19.413999557495117,
    "size_y": 15.5989990234375,
    "size_z": 16.958999633789062
}