{
    "center_x": 30.10592269897461,
    "center_y": 0.6601922512054443,
    "center_z": 11.696348190307617,
    "size_x": 17.170001983642578,
    "size_y": 16.58400058746338,
    "size_z": 21.69900131225586
}