{
    "center_x": 23.16861915588379,
    "center_y": -18.51293182373047,
    "center_z": 0.45596542954444885,
    "size_x": 23.703001022338867,
    "size_y": 15.044999122619629,
    "size_z": 18.729000091552734
}