{
    "center_x": -0.1975250393152237,
    "center_y": -0.78022700548172,
    "center_z": 0.0014208356151357293,
    "size_x": 16.27080011367798,
    "size_y": 24.077999114990234,
    "size_z": 19.44379997253418
}