{
    "center_x": 16.966480255126953,
    "center_y": 16.623437881469727,
    "center_z": 41.743961334228516,
    "size_x": 14.605999946594238,
    "size_y": 23.331000328063965,
    "size_z": 16.803997039794922
}