{
    "center_x": 31.37733268737793,
    "center_y": 66.3830795288086,
    "center_z": 7.717584133148193,
    "size_x": 14.76300048828125,
    "size_y": 12.495994567871094,
    "size_z": 14.421000003814697
}