{
    "center_x": 0.009696311317384243,
    "center_y": -0.11592964082956314,
    "center_z": -0.25950369238853455,
    "size_x": 14.463800430297852,
    "size_y": 16.076200008392334,
    "size_z": 16.329100131988525
}