{
    "center_x": 16.228666305541992,
    "center_y": 17.404268264770508,
    "center_z": 20.87740135192871,
    "size_x": 15.391999244689941,
    "size_y": 12.541000366210938,
    "size_z": 19.162999153137207
}