{
    "center_x": 0.009700016118586063,
    "center_y": -0.11593331396579742,
    "center_z": -0.2594999670982361,
    "size_x": 16.2923002243042,
    "size_y": 15.52430009841919,
    "size_z": 17.566100120544434
}