{
    "center_x": 124.36197662353516,
    "center_y": 20.65253257751465,
    "center_z": -7.531156063079834,
    "size_x": 26.39099884033203,
    "size_y": 12.47599983215332,
    "size_z": 21.81599998474121
}