{
    "center_x": 82.63130187988281,
    "center_y": -13.215398788452148,
    "center_z": 3.09660005569458,
    "size_x": 17.794998168945312,
    "size_y": 17.84299945831299,
    "size_z": 13.742999792098999
}