{
    "center_x": 0.6520000696182251,
    "center_y": 6.1576995849609375,
    "center_z": -12.691299438476562,
    "size_x": 15.781000137329102,
    "size_y": 15.33899974822998,
    "size_z": 16.62600040435791
}