{
    "center_x": 182.59291076660156,
    "center_y": 123.65577697753906,
    "center_z": 30.41699981689453,
    "size_x": 16.548004150390625,
    "size_y": 23.876007080078125,
    "size_z": 15.034000396728516
}