{
    "center_x": 40.58790588378906,
    "center_y": -19.667545318603516,
    "center_z": 12.392455101013184,
    "size_x": 14.963001251220703,
    "size_y": 11.777000427246094,
    "size_z": 13.3149995803833
}