{
    "center_x": 4.191071510314941,
    "center_y": -9.382927894592285,
    "center_z": 29.64446449279785,
    "size_x": 14.781000137329102,
    "size_y": 19.41100025177002,
    "size_z": 21.635000228881836
}