{
    "center_x": 3.7357029914855957,
    "center_y": -0.6453331708908081,
    "center_z": -29.192224502563477,
    "size_x": 16.55900001525879,
    "size_y": 19.35599994659424,
    "size_z": 20.26700210571289
}