{
    "center_x": 19.74995994567871,
    "center_y": 13.164382934570312,
    "center_z": 22.388652801513672,
    "size_x": 20.089999198913574,
    "size_y": 17.444000244140625,
    "size_z": 15.308000564575195
}