{
    "center_x": 0.012658752501010895,
    "center_y": -0.26200345158576965,
    "center_z": -0.19500687718391418,
    "size_x": 21.701000213623047,
    "size_y": 16.43869972229004,
    "size_z": 14.45300006866455
}