{
    "center_x": 36.12947463989258,
    "center_y": 16.595706939697266,
    "center_z": 30.997941970825195,
    "size_x": 20.830997467041016,
    "size_y": 13.252999305725098,
    "size_z": 14.664999008178711
}