{
    "center_x": 10.346037864685059,
    "center_y": -24.555713653564453,
    "center_z": 57.85824203491211,
    "size_x": 25.6560001373291,
    "size_y": 18.48900032043457,
    "size_z": 13.459999084472656
}