{
    "center_x": 9.19140911102295,
    "center_y": 20.000953674316406,
    "center_z": 9.164727210998535,
    "size_x": 16.18499994277954,
    "size_y": 16.657001495361328,
    "size_z": 17.616000175476074
}