{
    "center_x": 34.603336334228516,
    "center_y": 13.784000396728516,
    "center_z": 54.53633499145508,
    "size_x": 11.697998046875,
    "size_y": 14.664999961853027,
    "size_z": 13.222000122070312
}