{
    "center_x": -3.6523334980010986,
    "center_y": 5.190889358520508,
    "center_z": -5.31511116027832,
    "size_x": 13.927000045776367,
    "size_y": 14.960999965667725,
    "size_z": 12.976999998092651
}