{
    "center_x": 38.89344024658203,
    "center_y": -26.85451889038086,
    "center_z": 10.486741065979004,
    "size_x": 19.917999267578125,
    "size_y": 14.322999954223633,
    "size_z": 16.703999996185303
}