{
    "center_x": 8.202799797058105,
    "center_y": 23.723651885986328,
    "center_z": 32.4541015625,
    "size_x": 18.418999671936035,
    "size_y": 17.05500030517578,
    "size_z": 14.499000549316406
}