{
    "center_x": 59.14873504638672,
    "center_y": 8.88599967956543,
    "center_z": 115.44319915771484,
    "size_x": 12.96099853515625,
    "size_y": 16.17900037765503,
    "size_z": 16.465003967285156
}