{
    "center_x": -18.287044525146484,
    "center_y": -8.819975852966309,
    "center_z": 1.3871217966079712,
    "size_x": 25.708999633789062,
    "size_y": 17.79300022125244,
    "size_z": 19.376999855041504
}