{
    "center_x": -0.7351110577583313,
    "center_y": 12.938220977783203,
    "center_z": 63.53221893310547,
    "size_x": 12.886000156402588,
    "size_y": 13.77299976348877,
    "size_z": 13.431995391845703
}