{
    "center_x": 3.885045051574707,
    "center_y": 30.467592239379883,
    "center_z": -7.291454792022705,
    "size_x": 16.82100009918213,
    "size_y": 14.535001754760742,
    "size_z": 19.244999885559082
}