{
    "center_x": -5.0260539054870605,
    "center_y": -18.653379440307617,
    "center_z": 38.25345993041992,
    "size_x": 20.79599952697754,
    "size_y": 18.77899932861328,
    "size_z": 22.118000030517578
}