{
    "center_x": 7.111999988555908,
    "center_y": 2.9728822708129883,
    "center_z": 34.74958801269531,
    "size_x": 18.007999420166016,
    "size_y": 13.848999977111816,
    "size_z": 16.003997802734375
}