{
    "center_x": 37.848114013671875,
    "center_y": 35.76166915893555,
    "center_z": 114.86111450195312,
    "size_x": 14.131999969482422,
    "size_y": 14.528999328613281,
    "size_z": 14.465003967285156
}