{
    "center_x": 31.096786499023438,
    "center_y": 47.125213623046875,
    "center_z": 8.12066650390625,
    "size_x": 18.285999298095703,
    "size_y": 20.15500259399414,
    "size_z": 17.468000411987305
}