{
    "center_x": -40.81777572631836,
    "center_y": -4.661045551300049,
    "center_z": 13.909045219421387,
    "size_x": 14.916000366210938,
    "size_y": 20.743999481201172,
    "size_z": 18.411999702453613
}