{
    "center_x": 17.636476516723633,
    "center_y": 30.94317626953125,
    "center_z": 17.19695472717285,
    "size_x": 19.296000480651855,
    "size_y": 17.53799819946289,
    "size_z": 14.564000129699707
}