{
    "center_x": -0.28973111510276794,
    "center_y": -0.5363600254058838,
    "center_z": 0.06738221645355225,
    "size_x": 22.38920021057129,
    "size_y": 18.447799682617188,
    "size_z": 19.364700317382812
}