{
    "center_x": 29.671525955200195,
    "center_y": -5.825591564178467,
    "center_z": -35.80459213256836,
    "size_x": 26.505001068115234,
    "size_y": 19.880000114440918,
    "size_z": 21.351001739501953
}