{
    "center_x": -56.49895095825195,
    "center_y": -14.937498092651367,
    "center_z": 24.341899871826172,
    "size_x": 13.506000518798828,
    "size_y": 17.604000091552734,
    "size_z": 17.947999954223633
}