{
    "center_x": 129.15768432617188,
    "center_y": 82.33479309082031,
    "center_z": -5.564599990844727,
    "size_x": 14.183998107910156,
    "size_y": 14.853004455566406,
    "size_z": 14.538000106811523
}