{
    "center_x": 65.83927154541016,
    "center_y": 30.70709228515625,
    "center_z": 117.7458267211914,
    "size_x": 17.312000274658203,
    "size_y": 16.580001831054688,
    "size_z": 20.30699920654297
}