{
    "center_x": -0.0894862562417984,
    "center_y": -0.7200096845626831,
    "center_z": -0.1755000501871109,
    "size_x": 16.24530029296875,
    "size_y": 18.898099899291992,
    "size_z": 19.35420036315918
}