{
    "center_x": -2.706814765930176,
    "center_y": 27.83244514465332,
    "center_z": 3.430407762527466,
    "size_x": 17.854000091552734,
    "size_y": 21.37000274658203,
    "size_z": 16.5479998588562
}