{
    "center_x": -0.047787513583898544,
    "center_y": -0.5589123964309692,
    "center_z": 0.034673236310482025,
    "size_x": 18.573999404907227,
    "size_y": 19.689300537109375,
    "size_z": 23.68280029296875
}