{
    "center_x": -2.8234496116638184,
    "center_y": -16.568599700927734,
    "center_z": 0.7138000726699829,
    "size_x": 13.769999980926514,
    "size_y": 17.21500015258789,
    "size_z": 17.9060001373291
}