{
    "center_x": -30.842744827270508,
    "center_y": -3.903935194015503,
    "center_z": 16.587514877319336,
    "size_x": 20.56199836730957,
    "size_y": 16.954999923706055,
    "size_z": 19.661998748779297
}