{
    "center_x": -22.24070167541504,
    "center_y": -19.73296356201172,
    "center_z": 12.74699878692627,
    "size_x": 15.917999267578125,
    "size_y": 18.316999435424805,
    "size_z": 21.093000411987305
}