{
    "center_x": 1.3903331756591797,
    "center_y": 0.9268485307693481,
    "center_z": 13.687121391296387,
    "size_x": 20.157999992370605,
    "size_y": 19.522000312805176,
    "size_z": 15.744999885559082
}