{
    "center_x": 0.38917651772499084,
    "center_y": 30.704442977905273,
    "center_z": 17.317413330078125,
    "size_x": 17.717000007629395,
    "size_y": 22.086000442504883,
    "size_z": 22.168999671936035
}