{
    "center_x": 0.01428268663585186,
    "center_y": -0.5278879404067993,
    "center_z": -0.050243135541677475,
    "size_x": 23.008399963378906,
    "size_y": 21.260600090026855,
    "size_z": 20.079400062561035
}