{
    "center_x": 25.47144317626953,
    "center_y": 5.162110805511475,
    "center_z": 58.02960968017578,
    "size_x": 16.91200065612793,
    "size_y": 17.356999397277832,
    "size_z": 16.490001678466797
}