{
    "center_x": 42.246646881103516,
    "center_y": 51.63728713989258,
    "center_z": 67.28951263427734,
    "size_x": 20.334999084472656,
    "size_y": 20.733997344970703,
    "size_z": 14.832000732421875
}