{
    "center_x": 19.744609832763672,
    "center_y": -0.32420414686203003,
    "center_z": 18.765182495117188,
    "size_x": 20.71199893951416,
    "size_y": 20.815000534057617,
    "size_z": 24.054999351501465
}