{
    "center_x": -14.418469429016113,
    "center_y": -1.0314706563949585,
    "center_z": -4.03847074508667,
    "size_x": 17.332999229431152,
    "size_y": 17.69200038909912,
    "size_z": 15.410999774932861
}