{
    "center_x": 36.92953109741211,
    "center_y": 32.485416412353516,
    "center_z": 23.359764099121094,
    "size_x": 15.39699935913086,
    "size_y": 16.237998962402344,
    "size_z": 14.222999572753906
}