{
    "center_x": 30.851398468017578,
    "center_y": 5.605799674987793,
    "center_z": 61.433998107910156,
    "size_x": 15.321001052856445,
    "size_y": 14.083000183105469,
    "size_z": 12.797000885009766
}