{
    "center_x": -40.25618362426758,
    "center_y": 43.74630355834961,
    "center_z": 25.58814811706543,
    "size_x": 16.479000091552734,
    "size_y": 18.555999755859375,
    "size_z": 19.980998992919922
}