{
    "center_x": -12.839333534240723,
    "center_y": -19.071001052856445,
    "center_z": 18.78999900817871,
    "size_x": 14.343999862670898,
    "size_y": 15.383001327514648,
    "size_z": 12.851999282836914
}