{
    "center_x": 7.350476264953613,
    "center_y": -2.396190643310547,
    "center_z": 22.00471305847168,
    "size_x": 17.304999351501465,
    "size_y": 16.848000049591064,
    "size_z": 17.873998641967773
}