{
    "center_x": 15.36596393585205,
    "center_y": 51.01545333862305,
    "center_z": 156.9748992919922,
    "size_x": 20.748000144958496,
    "size_y": 14.85799789428711,
    "size_z": 21.787994384765625
}