{
    "center_x": -19.307111740112305,
    "center_y": -7.811591625213623,
    "center_z": 13.575223922729492,
    "size_x": 18.0,
    "size_y": 19.95400047302246,
    "size_z": 17.19099998474121
}