{
    "center_x": 53.6218376159668,
    "center_y": 78.34886932373047,
    "center_z": 7.9041666984558105,
    "size_x": 18.77899932861328,
    "size_y": 21.173995971679688,
    "size_z": 15.708000183105469
}