{
    "center_x": 56.301612854003906,
    "center_y": 17.149612426757812,
    "center_z": 41.12177658081055,
    "size_x": 16.570999145507812,
    "size_y": 14.298998832702637,
    "size_z": 16.540000915527344
}