{
    "center_x": 0.012648272328078747,
    "center_y": -0.2619965374469757,
    "center_z": -0.19500002264976501,
    "size_x": 16.860599994659424,
    "size_y": 13.355999946594238,
    "size_z": 18.872600555419922
}