{
    "center_x": 11.142499923706055,
    "center_y": 25.889598846435547,
    "center_z": -6.2636003494262695,
    "size_x": 13.802000045776367,
    "size_y": 16.3070011138916,
    "size_z": 11.11299991607666
}