{
    "center_x": 8.6736421585083,
    "center_y": -15.49145221710205,
    "center_z": 5.358190059661865,
    "size_x": 25.66800022125244,
    "size_y": 20.765000343322754,
    "size_z": 16.862999439239502
}