{
    "center_x": -128.81207275390625,
    "center_y": -171.37921142578125,
    "center_z": 115.13450622558594,
    "size_x": 19.027008056640625,
    "size_y": 15.207000732421875,
    "size_z": 18.438003540039062
}