{
    "center_x": 29.08608055114746,
    "center_y": -6.035110950469971,
    "center_z": 9.438481330871582,
    "size_x": 18.14099884033203,
    "size_y": 16.527999877929688,
    "size_z": 22.753999710083008
}