{
    "center_x": -12.927480697631836,
    "center_y": 13.265559196472168,
    "center_z": -25.112722396850586,
    "size_x": 18.405000686645508,
    "size_y": 21.14699935913086,
    "size_z": 14.63800048828125
}