{
    "center_x": -18.77796173095703,
    "center_y": 1.8195184469223022,
    "center_z": 8.167741775512695,
    "size_x": 16.234000205993652,
    "size_y": 18.805999755859375,
    "size_z": 21.201000213623047
}