{
    "center_x": -3.6857693195343018,
    "center_y": -7.378653526306152,
    "center_z": 33.256649017333984,
    "size_x": 20.642000198364258,
    "size_y": 21.18400001525879,
    "size_z": 15.35300064086914
}