{
    "center_x": 39.6321907043457,
    "center_y": 6.296571254730225,
    "center_z": 36.26932907104492,
    "size_x": 14.349998474121094,
    "size_y": 19.185999870300293,
    "size_z": 15.979999542236328
}