{
    "center_x": -0.018362529575824738,
    "center_y": -0.31369996070861816,
    "center_z": -0.2451625019311905,
    "size_x": 16.59000015258789,
    "size_y": 14.967599868774414,
    "size_z": 21.34060001373291
}