{
    "center_x": -1.2860909700393677,
    "center_y": -28.16431427001953,
    "center_z": 16.760772705078125,
    "size_x": 17.258999824523926,
    "size_y": 18.80000114440918,
    "size_z": 14.595000267028809
}