{
    "center_x": 26.307518005371094,
    "center_y": -6.796060562133789,
    "center_z": -34.908729553222656,
    "size_x": 20.588001251220703,
    "size_y": 16.578999519348145,
    "size_z": 21.097000122070312
}