{
    "center_x": -66.73687744140625,
    "center_y": 39.624046325683594,
    "center_z": -6.751173496246338,
    "size_x": 17.551002502441406,
    "size_y": 19.006000518798828,
    "size_z": 15.199999809265137
}