{
    "center_x": 41.827816009521484,
    "center_y": 13.67376708984375,
    "center_z": 54.027259826660156,
    "size_x": 18.57699966430664,
    "size_y": 21.75899887084961,
    "size_z": 22.426998138427734
}