{
    "center_x": -0.5877777934074402,
    "center_y": -4.743777751922607,
    "center_z": -11.573406219482422,
    "size_x": 19.640999794006348,
    "size_y": 15.921000003814697,
    "size_z": 18.967998504638672
}