{
    "center_x": -10.91253662109375,
    "center_y": 56.213138580322266,
    "center_z": 49.76224899291992,
    "size_x": 19.128999710083008,
    "size_y": 16.480998992919922,
    "size_z": 18.467998504638672
}