{
    "center_x": -0.2005772441625595,
    "center_y": -0.6301704049110413,
    "center_z": 0.07244771718978882,
    "size_x": 22.751800537109375,
    "size_y": 19.677800178527832,
    "size_z": 22.13759994506836
}