{
    "center_x": 3.2846999168395996,
    "center_y": 109.43730163574219,
    "center_z": 10.289899826049805,
    "size_x": 12.573999881744385,
    "size_y": 13.786003112792969,
    "size_z": 14.257999420166016
}