{
    "center_x": 0.7146250605583191,
    "center_y": 7.944874286651611,
    "center_z": 16.549375534057617,
    "size_x": 21.324000358581543,
    "size_y": 15.67199993133545,
    "size_z": 16.199999809265137
}