{
    "center_x": -65.30946350097656,
    "center_y": -36.329620361328125,
    "center_z": 96.80784606933594,
    "size_x": 25.632999420166016,
    "size_y": 21.669998168945312,
    "size_z": 19.78900146484375
}