{
    "center_x": -14.056965827941895,
    "center_y": 6.764585971832275,
    "center_z": -14.701447486877441,
    "size_x": 17.6510009765625,
    "size_y": 15.327999591827393,
    "size_z": 22.89699935913086
}