{
    "center_x": -7.708237648010254,
    "center_y": 11.875446319580078,
    "center_z": -1.9829474687576294,
    "size_x": 18.944000244140625,
    "size_y": 17.41699981689453,
    "size_z": 22.633999824523926
}