{
    "center_x": 26.927865982055664,
    "center_y": 10.489805221557617,
    "center_z": 37.84174728393555,
    "size_x": 23.26599884033203,
    "size_y": 13.802999496459961,
    "size_z": 19.185997009277344
}