{
    "center_x": 23.114883422851562,
    "center_y": -4.087117671966553,
    "center_z": -23.329355239868164,
    "size_x": 16.211000442504883,
    "size_y": 16.84000015258789,
    "size_z": 13.820999145507812
}