{
    "center_x": 1.6326154470443726,
    "center_y": 4.246845722198486,
    "center_z": 10.66653823852539,
    "size_x": 14.42199993133545,
    "size_y": 11.555999994277954,
    "size_z": 16.90399980545044
}