{
    "center_x": -76.42871856689453,
    "center_y": -15.353240013122559,
    "center_z": 18.16107940673828,
    "size_x": 24.8280029296875,
    "size_y": 24.026999473571777,
    "size_z": 19.217000007629395
}