{
    "center_x": -2.1554062366485596,
    "center_y": -15.182061195373535,
    "center_z": -62.51587677001953,
    "size_x": 20.26300048828125,
    "size_y": 16.208001136779785,
    "size_z": 21.325000762939453
}