{
    "center_x": -7.968125820159912,
    "center_y": 3.030937671661377,
    "center_z": 4.654469013214111,
    "size_x": 22.922999382019043,
    "size_y": 17.96399974822998,
    "size_z": 19.242000579833984
}