{
    "center_x": -7.681636333465576,
    "center_y": -38.199424743652344,
    "center_z": -35.543487548828125,
    "size_x": 17.324999809265137,
    "size_y": 21.56999969482422,
    "size_z": 18.55699920654297
}