{
    "center_x": -58.560997009277344,
    "center_y": -27.96637535095215,
    "center_z": -41.42824935913086,
    "size_x": 13.860000610351562,
    "size_y": 13.857000350952148,
    "size_z": 14.266002655029297
}