{
    "center_x": -7.6917853355407715,
    "center_y": 15.225427627563477,
    "center_z": 11.229642868041992,
    "size_x": 15.947000503540039,
    "size_y": 11.15999984741211,
    "size_z": 14.695000648498535
}