{
    "center_x": -0.20107945799827576,
    "center_y": -0.5965487360954285,
    "center_z": -0.09137177467346191,
    "size_x": 18.8169002532959,
    "size_y": 17.396399974822998,
    "size_z": 19.557100296020508
}