{
    "center_x": 48.32048416137695,
    "center_y": 18.235567092895508,
    "center_z": 19.53386878967285,
    "size_x": 20.455001831054688,
    "size_y": 19.67099952697754,
    "size_z": 14.998998641967773
}