{
    "center_x": 22.094453811645508,
    "center_y": 9.873544692993164,
    "center_z": 34.44527053833008,
    "size_x": 14.019998550415039,
    "size_y": 14.390000343322754,
    "size_z": 14.604999542236328
}