{
    "center_x": -119.2622299194336,
    "center_y": 203.36166381835938,
    "center_z": -0.5692000985145569,
    "size_x": 12.822998046875,
    "size_y": 18.795989990234375,
    "size_z": 18.416000366210938
}