{
    "center_x": 69.71299743652344,
    "center_y": -2.1068570613861084,
    "center_z": 75.05278778076172,
    "size_x": 17.613998413085938,
    "size_y": 14.838000297546387,
    "size_z": 14.275993347167969
}