{
    "center_x": 0.009703697636723518,
    "center_y": -0.11593702435493469,
    "center_z": -0.25950005650520325,
    "size_x": 16.574100017547607,
    "size_y": 14.312300205230713,
    "size_z": 18.11929988861084
}