{
    "center_x": -3.4833126068115234,
    "center_y": 2.0035624504089355,
    "center_z": 29.184566497802734,
    "size_x": 15.003999710083008,
    "size_y": 14.386999607086182,
    "size_z": 17.44300079345703
}