{
    "center_x": -0.19723424315452576,
    "center_y": -0.45148274302482605,
    "center_z": 0.0019000699976459146,
    "size_x": 18.26990032196045,
    "size_y": 17.085899829864502,
    "size_z": 20.492199897766113
}