{
    "center_x": -9.165131568908691,
    "center_y": 50.955692291259766,
    "center_z": 123.22775268554688,
    "size_x": 18.67899990081787,
    "size_y": 18.561996459960938,
    "size_z": 17.391998291015625
}