{
    "center_x": -12.608077049255371,
    "center_y": 19.715961456298828,
    "center_z": -31.5828857421875,
    "size_x": 15.222999572753906,
    "size_y": 19.280000686645508,
    "size_z": 17.694000244140625
}