{
    "center_x": -18.453811645507812,
    "center_y": -9.04016399383545,
    "center_z": -13.106595039367676,
    "size_x": 18.811999320983887,
    "size_y": 20.76099967956543,
    "size_z": 20.961999893188477
}