{
    "center_x": 12.718456268310547,
    "center_y": 15.877799034118652,
    "center_z": -10.670742988586426,
    "size_x": 21.057000160217285,
    "size_y": 20.804999351501465,
    "size_z": 18.035999298095703
}