{
    "center_x": -2.2883405685424805,
    "center_y": 5.657500267028809,
    "center_z": 9.419135093688965,
    "size_x": 16.44000005722046,
    "size_y": 18.949000358581543,
    "size_z": 30.163000106811523
}