{
    "center_x": -2.4106550216674805,
    "center_y": 23.53554916381836,
    "center_z": 1.1167930364608765,
    "size_x": 20.69200038909912,
    "size_y": 19.07200050354004,
    "size_z": 19.947999954223633
}