{
    "center_x": 23.82994270324707,
    "center_y": 41.109275817871094,
    "center_z": 19.486387252807617,
    "size_x": 18.785999298095703,
    "size_y": 15.444999694824219,
    "size_z": 17.041000366210938
}