{
    "center_x": -0.1972285956144333,
    "center_y": -0.4514799416065216,
    "center_z": 0.0019028723472729325,
    "size_x": 20.189300537109375,
    "size_y": 16.613499641418457,
    "size_z": 17.28690004348755
}