{
    "center_x": -20.1160945892334,
    "center_y": 3.1007742881774902,
    "center_z": -7.28496789932251,
    "size_x": 22.642001152038574,
    "size_y": 18.600000381469727,
    "size_z": 16.35599994659424
}