{
    "center_x": 8.437592506408691,
    "center_y": 15.489518165588379,
    "center_z": 31.671152114868164,
    "size_x": 21.527000427246094,
    "size_y": 14.743999481201172,
    "size_z": 21.9060001373291
}