{
    "center_x": 21.245624542236328,
    "center_y": 29.5440616607666,
    "center_z": -33.519248962402344,
    "size_x": 14.95199966430664,
    "size_y": 15.697000503540039,
    "size_z": 17.20400047302246
}