{
    "center_x": 2.973071575164795,
    "center_y": 10.945571899414062,
    "center_z": 14.405641555786133,
    "size_x": 19.256999969482422,
    "size_y": 13.628000259399414,
    "size_z": 13.534000396728516
}