{
    "center_x": -24.153959274291992,
    "center_y": -22.026653289794922,
    "center_z": -2.8688693046569824,
    "size_x": 14.487998962402344,
    "size_y": 16.644001007080078,
    "size_z": 19.71500015258789
}