{
    "center_x": 6.769104957580566,
    "center_y": 21.847366333007812,
    "center_z": 23.663787841796875,
    "size_x": 13.478000164031982,
    "size_y": 19.30299949645996,
    "size_z": 14.673999786376953
}