{
    "center_x": -12.531447410583496,
    "center_y": 3.095069169998169,
    "center_z": 15.451621055603027,
    "size_x": 22.30900001525879,
    "size_y": 14.647000312805176,
    "size_z": 18.35099983215332
}