{
    "center_x": 50.492149353027344,
    "center_y": -44.76054763793945,
    "center_z": -12.641149520874023,
    "size_x": 18.427001953125,
    "size_y": 15.375,
    "size_z": 16.55799961090088
}