{
    "center_x": -27.075916290283203,
    "center_y": 3.3038854598999023,
    "center_z": -14.501115798950195,
    "size_x": 14.982000350952148,
    "size_y": 24.93000030517578,
    "size_z": 18.65000057220459
}