{
    "center_x": -24.3305721282959,
    "center_y": 8.513571739196777,
    "center_z": 16.287107467651367,
    "size_x": 18.354999542236328,
    "size_y": 18.41699981689453,
    "size_z": 20.201000213623047
}