{
    "center_x": 4.201645374298096,
    "center_y": -10.517646789550781,
    "center_z": 89.1234359741211,
    "size_x": 19.309999465942383,
    "size_y": 16.66200017929077,
    "size_z": 19.29399871826172
}