{
    "center_x": 64.4106674194336,
    "center_y": 44.281829833984375,
    "center_z": 26.76849937438965,
    "size_x": 14.027996063232422,
    "size_y": 15.867000579833984,
    "size_z": 16.309999465942383
}