{
    "center_x": -33.62615966796875,
    "center_y": 8.911189079284668,
    "center_z": 21.19302749633789,
    "size_x": 17.719999313354492,
    "size_y": 20.187999725341797,
    "size_z": 22.645999908447266
}