{
    "center_x": 2.586699962615967,
    "center_y": 52.8996467590332,
    "center_z": 8.301249504089355,
    "size_x": 16.692999839782715,
    "size_y": 18.35300064086914,
    "size_z": 17.782000064849854
}