{
    "center_x": 32.256717681884766,
    "center_y": 108.56829071044922,
    "center_z": 58.360721588134766,
    "size_x": 21.503999710083008,
    "size_y": 16.12200164794922,
    "size_z": 23.22699737548828
}