{
    "center_x": 5.681477069854736,
    "center_y": -12.660226821899414,
    "center_z": 3.2597734928131104,
    "size_x": 21.82100009918213,
    "size_y": 20.679000854492188,
    "size_z": 18.323999404907227
}