{
    "center_x": -9.396645545959473,
    "center_y": 57.58286666870117,
    "center_z": 21.196001052856445,
    "size_x": 21.72599983215332,
    "size_y": 23.687999725341797,
    "size_z": 21.384000778198242
}