{
    "center_x": 1.7136138677597046,
    "center_y": 4.926909923553467,
    "center_z": -23.163637161254883,
    "size_x": 22.729000091552734,
    "size_y": 20.682000160217285,
    "size_z": 17.655000686645508
}