{
    "center_x": 16.589611053466797,
    "center_y": 9.658499717712402,
    "center_z": 11.148999214172363,
    "size_x": 17.73099994659424,
    "size_y": 15.271999835968018,
    "size_z": 17.110000133514404
}