{
    "center_x": -32.38525390625,
    "center_y": -10.752555847167969,
    "center_z": -25.081626892089844,
    "size_x": 18.566999435424805,
    "size_y": 21.264999389648438,
    "size_z": 16.503999710083008
}