{
    "center_x": -10.032737731933594,
    "center_y": -16.780580520629883,
    "center_z": 28.967975616455078,
    "size_x": 15.686999797821045,
    "size_y": 25.761000633239746,
    "size_z": 21.52800178527832
}