{
    "center_x": 4.098916530609131,
    "center_y": 4.191250324249268,
    "center_z": -23.56691551208496,
    "size_x": 15.817999839782715,
    "size_y": 13.773000001907349,
    "size_z": 12.208000183105469
}