{
    "center_x": 14.939428329467773,
    "center_y": 73.45809173583984,
    "center_z": 34.17166519165039,
    "size_x": 18.124999046325684,
    "size_y": 18.23400115966797,
    "size_z": 14.592998504638672
}