{
    "center_x": -107.93653869628906,
    "center_y": -176.66098022460938,
    "center_z": 311.55828857421875,
    "size_x": 15.274002075195312,
    "size_y": 13.220993041992188,
    "size_z": 15.777984619140625
}