{
    "center_x": 3.994689702987671,
    "center_y": 49.11055374145508,
    "center_z": 60.156314849853516,
    "size_x": 16.483999729156494,
    "size_y": 20.171001434326172,
    "size_z": 17.609004974365234
}