{
    "center_x": 3.570352792739868,
    "center_y": 1.7059412002563477,
    "center_z": 19.707351684570312,
    "size_x": 13.0,
    "size_y": 17.25600004196167,
    "size_z": 17.246000289916992
}