{
    "center_x": -4.043407440185547,
    "center_y": -0.3472222685813904,
    "center_z": -2.4209630489349365,
    "size_x": 20.427000045776367,
    "size_y": 16.754000186920166,
    "size_z": 16.615000247955322
}