{
    "center_x": 4.01981258392334,
    "center_y": 3.545750141143799,
    "center_z": -36.639190673828125,
    "size_x": 14.888999938964844,
    "size_y": 18.116000175476074,
    "size_z": 13.18600082397461
}