{
    "center_x": 14.270635604858398,
    "center_y": 3.0373635292053223,
    "center_z": 36.65309143066406,
    "size_x": 15.111000061035156,
    "size_y": 12.82200002670288,
    "size_z": 14.042999267578125
}