{
    "center_x": -0.23780253529548645,
    "center_y": -0.49670496582984924,
    "center_z": -0.019289959222078323,
    "size_x": 19.509300231933594,
    "size_y": 17.27110004425049,
    "size_z": 21.4242000579834
}