{
    "center_x": 17.014116287231445,
    "center_y": 6.826845645904541,
    "center_z": 13.637192726135254,
    "size_x": 17.16999912261963,
    "size_y": 20.005000114440918,
    "size_z": 20.004000663757324
}