{
    "center_x": 11.735091209411621,
    "center_y": 25.107500076293945,
    "center_z": 8.186908721923828,
    "size_x": 14.98799991607666,
    "size_y": 14.452999114990234,
    "size_z": 19.683000564575195
}