{
    "center_x": -0.19752293825149536,
    "center_y": -0.7802249789237976,
    "center_z": 0.001424978137947619,
    "size_x": 18.4064998626709,
    "size_y": 18.88290023803711,
    "size_z": 18.715299606323242
}