{
    "center_x": -31.233333587646484,
    "center_y": -14.24959945678711,
    "center_z": 21.6722354888916,
    "size_x": 20.121002197265625,
    "size_y": 20.791998863220215,
    "size_z": 20.753000259399414
}