{
    "center_x": -5.775799751281738,
    "center_y": 48.52094650268555,
    "center_z": 17.168498992919922,
    "size_x": 16.80500030517578,
    "size_y": 15.625999450683594,
    "size_z": 17.423999786376953
}