{
    "center_x": 27.208786010742188,
    "center_y": 26.892969131469727,
    "center_z": 23.916288375854492,
    "size_x": 19.76300048828125,
    "size_y": 21.11400032043457,
    "size_z": 15.617000579833984
}