{
    "center_x": -31.653581619262695,
    "center_y": -62.84419631958008,
    "center_z": -13.68649959564209,
    "size_x": 19.166000366210938,
    "size_y": 14.933998107910156,
    "size_z": 19.23799991607666
}