{
    "center_x": 45.69600296020508,
    "center_y": 39.40900802612305,
    "center_z": 75.36337280273438,
    "size_x": 16.94300079345703,
    "size_y": 16.682998657226562,
    "size_z": 19.527999877929688
}