{
    "center_x": 23.865867614746094,
    "center_y": -14.805132865905762,
    "center_z": 37.9882698059082,
    "size_x": 17.457000732421875,
    "size_y": 17.44200038909912,
    "size_z": 23.08300018310547
}