{
    "center_x": -56.63308334350586,
    "center_y": 62.78924560546875,
    "center_z": 349.37274169921875,
    "size_x": 20.320999145507812,
    "size_y": 22.63500213623047,
    "size_z": 29.07000732421875
}