{
    "center_x": -84.24353790283203,
    "center_y": -28.1086368560791,
    "center_z": -34.62481689453125,
    "size_x": 13.43499755859375,
    "size_y": 13.279998779296875,
    "size_z": 15.177997589111328
}