{
    "center_x": 23.416353225708008,
    "center_y": 52.62935256958008,
    "center_z": 20.555940628051758,
    "size_x": 14.76500129699707,
    "size_y": 18.68199920654297,
    "size_z": 18.551000595092773
}