{
    "center_x": 56.72584533691406,
    "center_y": -45.98796081542969,
    "center_z": 25.559804916381836,
    "size_x": 17.439002990722656,
    "size_y": 22.871997833251953,
    "size_z": 14.211999893188477
}