{
    "center_x": -20.319225311279297,
    "center_y": -2.218841075897217,
    "center_z": 23.79193115234375,
    "size_x": 16.565000534057617,
    "size_y": 28.724998474121094,
    "size_z": 19.65999984741211
}