{
    "center_x": 79.8017349243164,
    "center_y": 5.351894378662109,
    "center_z": 29.94805335998535,
    "size_x": 17.736000061035156,
    "size_y": 14.598999977111816,
    "size_z": 17.1820011138916
}