{
    "center_x": 0.009707428514957428,
    "center_y": -0.11593335121870041,
    "center_z": -0.2595111131668091,
    "size_x": 16.10439968109131,
    "size_y": 17.153499603271484,
    "size_z": 17.19920015335083
}