{
    "center_x": 22.32218360900879,
    "center_y": 38.35335922241211,
    "center_z": 37.23067855834961,
    "size_x": 18.279998779296875,
    "size_y": 15.845001220703125,
    "size_z": 17.269001007080078
}