{
    "center_x": -0.16059204936027527,
    "center_y": -0.5512788891792297,
    "center_z": -0.13927891850471497,
    "size_x": 21.66059970855713,
    "size_y": 16.605899810791016,
    "size_z": 17.194000244140625
}