{
    "center_x": 27.40228271484375,
    "center_y": -22.631479263305664,
    "center_z": 22.528799057006836,
    "size_x": 22.87700080871582,
    "size_y": 14.169000625610352,
    "size_z": 16.076000213623047
}