{
    "center_x": 57.656803131103516,
    "center_y": 24.776681900024414,
    "center_z": 34.575523376464844,
    "size_x": 12.639999389648438,
    "size_y": 14.342998504638672,
    "size_z": 23.02899932861328
}