{
    "center_x": -0.28938373923301697,
    "center_y": -0.6358744502067566,
    "center_z": 0.07216975092887878,
    "size_x": 18.897199630737305,
    "size_y": 17.50349998474121,
    "size_z": 18.095499992370605
}