{
    "center_x": -38.26924514770508,
    "center_y": -27.935626983642578,
    "center_z": 17.528186798095703,
    "size_x": 14.619998931884766,
    "size_y": 18.30299949645996,
    "size_z": 12.524999618530273
}