{
    "center_x": 52.41176223754883,
    "center_y": 62.90641403198242,
    "center_z": 286.831298828125,
    "size_x": 13.41800308227539,
    "size_y": 18.76400375366211,
    "size_z": 14.20098876953125
}