{
    "center_x": 46.50291061401367,
    "center_y": -15.583630561828613,
    "center_z": 8.841598510742188,
    "size_x": 16.76599884033203,
    "size_y": 19.755000114440918,
    "size_z": 21.522000312805176
}