{
    "center_x": -8.192480087280273,
    "center_y": 29.29107666015625,
    "center_z": -11.977680206298828,
    "size_x": 17.464999675750732,
    "size_y": 14.619998931884766,
    "size_z": 19.145000457763672
}