{
    "center_x": 24.53826141357422,
    "center_y": -31.462865829467773,
    "center_z": 274.3500671386719,
    "size_x": 14.926000595092773,
    "size_y": 16.48900032043457,
    "size_z": 19.05999755859375
}