{
    "center_x": -0.19722570478916168,
    "center_y": -0.45148855447769165,
    "center_z": 0.001905683078803122,
    "size_x": 20.187700271606445,
    "size_y": 16.177199840545654,
    "size_z": 16.19700002670288
}