{
    "center_x": 48.894439697265625,
    "center_y": 27.24295425415039,
    "center_z": 13.062142372131348,
    "size_x": 16.994998931884766,
    "size_y": 16.90999984741211,
    "size_z": 16.001999855041504
}