{
    "center_x": 9.836066246032715,
    "center_y": 0.4703225791454315,
    "center_z": 21.981517791748047,
    "size_x": 15.89900016784668,
    "size_y": 15.03600025177002,
    "size_z": 21.59200096130371
}