{
    "center_x": 9.4413423538208,
    "center_y": -3.199171543121338,
    "center_z": 55.22719955444336,
    "size_x": 18.191999435424805,
    "size_y": 17.746999740600586,
    "size_z": 25.799999237060547
}