{
    "center_x": 16.61045265197754,
    "center_y": 61.71764373779297,
    "center_z": 34.948402404785156,
    "size_x": 20.739999771118164,
    "size_y": 13.763999938964844,
    "size_z": 15.660999298095703
}