{
    "center_x": -0.23780496418476105,
    "center_y": -0.49671751260757446,
    "center_z": -0.019299952313303947,
    "size_x": 16.97939968109131,
    "size_y": 14.867400169372559,
    "size_z": 21.43429946899414
}