{
    "center_x": 9.84322452545166,
    "center_y": 6.32738733291626,
    "center_z": 39.05715560913086,
    "size_x": 16.48799991607666,
    "size_y": 15.331999778747559,
    "size_z": 22.948997497558594
}