{
    "center_x": 15.638863563537598,
    "center_y": -12.468863487243652,
    "center_z": -2.8284547328948975,
    "size_x": 13.566000938415527,
    "size_y": 20.777999877929688,
    "size_z": 14.88599967956543
}