{
    "center_x": 12.966206550598145,
    "center_y": -24.42658233642578,
    "center_z": -27.41633415222168,
    "size_x": 19.73900032043457,
    "size_y": 16.63300132751465,
    "size_z": 16.808000564575195
}