{
    "center_x": 4.513499736785889,
    "center_y": 13.64328670501709,
    "center_z": 14.251856803894043,
    "size_x": 15.849999904632568,
    "size_y": 17.179000854492188,
    "size_z": 14.368000030517578
}