{
    "center_x": 11.280619621276855,
    "center_y": 15.181001663208008,
    "center_z": 36.33552932739258,
    "size_x": 18.336999893188477,
    "size_y": 17.310999870300293,
    "size_z": 17.672000885009766
}