{
    "center_x": -13.913139343261719,
    "center_y": 19.232980728149414,
    "center_z": -15.398528099060059,
    "size_x": 24.769001007080078,
    "size_y": 23.937999725341797,
    "size_z": 18.960000038146973
}