{
    "center_x": -12.561972618103027,
    "center_y": -20.146814346313477,
    "center_z": 17.591604232788086,
    "size_x": 24.893999099731445,
    "size_y": 21.91100025177002,
    "size_z": 19.14699935913086
}