{
    "center_x": 1.8104283809661865,
    "center_y": 1.750428557395935,
    "center_z": 45.65166473388672,
    "size_x": 19.748000144958496,
    "size_y": 14.63599967956543,
    "size_z": 20.48999786376953
}