{
    "center_x": 26.698535919189453,
    "center_y": 66.95220184326172,
    "center_z": 72.22246551513672,
    "size_x": 19.263999938964844,
    "size_y": 13.8800048828125,
    "size_z": 11.979995727539062
}