{
    "center_x": 2.724228620529175,
    "center_y": -0.9562000632286072,
    "center_z": 21.33846092224121,
    "size_x": 17.189000129699707,
    "size_y": 19.82100009918213,
    "size_z": 21.110000610351562
}