{
    "center_x": -0.02834223210811615,
    "center_y": -0.4776516556739807,
    "center_z": -0.1348859667778015,
    "size_x": 21.869999885559082,
    "size_y": 23.60580062866211,
    "size_z": 17.143199920654297
}