{
    "center_x": 0.11337143182754517,
    "center_y": -0.34053143858909607,
    "center_z": -0.13049562275409698,
    "size_x": 20.729700088500977,
    "size_y": 15.746600151062012,
    "size_z": 25.81100082397461
}