{
    "center_x": 11.597132682800293,
    "center_y": 23.03660011291504,
    "center_z": 34.283668518066406,
    "size_x": 22.802000045776367,
    "size_y": 21.288999557495117,
    "size_z": 15.044000625610352
}