{
    "center_x": -5.768457889556885,
    "center_y": 0.5184583067893982,
    "center_z": 25.788625717163086,
    "size_x": 19.106000900268555,
    "size_y": 13.614999771118164,
    "size_z": 17.47100067138672
}