{
    "center_x": 3.378166437149048,
    "center_y": -0.1679583191871643,
    "center_z": -32.14366912841797,
    "size_x": 20.07800006866455,
    "size_y": 15.293000221252441,
    "size_z": 17.243999481201172
}