{
    "center_x": -11.543201446533203,
    "center_y": -53.214698791503906,
    "center_z": -6.8516998291015625,
    "size_x": 11.913000106811523,
    "size_y": 16.06399917602539,
    "size_z": 14.440999984741211
}