{
    "center_x": 1.1605000495910645,
    "center_y": 16.470916748046875,
    "center_z": 44.18916702270508,
    "size_x": 13.175000190734863,
    "size_y": 15.487998962402344,
    "size_z": 14.152000427246094
}