{
    "center_x": 22.53241729736328,
    "center_y": 9.728723526000977,
    "center_z": 24.040943145751953,
    "size_x": 19.921998977661133,
    "size_y": 19.91699981689453,
    "size_z": 20.03700065612793
}