{
    "center_x": -22.439666748046875,
    "center_y": 0.4126666784286499,
    "center_z": -2.5356662273406982,
    "size_x": 23.4739990234375,
    "size_y": 20.43400001525879,
    "size_z": 15.470000267028809
}