{
    "center_x": 33.80951690673828,
    "center_y": 0.4474138021469116,
    "center_z": -18.37193489074707,
    "size_x": 17.38599967956543,
    "size_y": 21.08199977874756,
    "size_z": 17.104999542236328
}