{
    "center_x": -6.22944450378418,
    "center_y": 17.988388061523438,
    "center_z": -9.180278778076172,
    "size_x": 15.631000518798828,
    "size_y": 15.0600004196167,
    "size_z": 17.585000038146973
}