{
    "center_x": 0.16623803973197937,
    "center_y": 3.468951940536499,
    "center_z": 7.7377142906188965,
    "size_x": 17.307000160217285,
    "size_y": 14.109000205993652,
    "size_z": 18.538000106811523
}