{
    "center_x": -0.026029055938124657,
    "center_y": -0.3710709512233734,
    "center_z": -0.3066709637641907,
    "size_x": 14.94729995727539,
    "size_y": 19.668699264526367,
    "size_z": 18.267900466918945
}