{
    "center_x": 8.63638973236084,
    "center_y": 33.141944885253906,
    "center_z": -1.902944564819336,
    "size_x": 16.759000301361084,
    "size_y": 18.94000244140625,
    "size_z": 14.22599983215332
}