{
    "center_x": -24.82154655456543,
    "center_y": -24.929323196411133,
    "center_z": -0.04299995303153992,
    "size_x": 19.517000198364258,
    "size_y": 19.621999740600586,
    "size_z": 26.700000762939453
}