{
    "center_x": -33.73442459106445,
    "center_y": -6.151035785675049,
    "center_z": 23.60171890258789,
    "size_x": 20.21500015258789,
    "size_y": 19.058000564575195,
    "size_z": 17.4010009765625
}