{
    "center_x": 16.217735290527344,
    "center_y": 10.527400016784668,
    "center_z": 35.4559326171875,
    "size_x": 16.567999839782715,
    "size_y": 17.872000217437744,
    "size_z": 15.111000061035156
}