{
    "center_x": -17.072399139404297,
    "center_y": -21.101520538330078,
    "center_z": -0.1226000189781189,
    "size_x": 19.66300106048584,
    "size_y": 16.756000518798828,
    "size_z": 15.77400016784668
}