{
    "center_x": 6.051344394683838,
    "center_y": 2.115689516067505,
    "center_z": 14.1576566696167,
    "size_x": 19.110000610351562,
    "size_y": 19.05500030517578,
    "size_z": 18.50700092315674
}