{
    "center_x": -0.28938600420951843,
    "center_y": -0.6358721256256104,
    "center_z": 0.07216721773147583,
    "size_x": 15.889900207519531,
    "size_y": 20.784199714660645,
    "size_z": 22.2475004196167
}