{
    "center_x": 27.9771728515625,
    "center_y": 2.3571724891662598,
    "center_z": 6.252447605133057,
    "size_x": 19.42799949645996,
    "size_y": 18.42300033569336,
    "size_z": 18.727999687194824
}