{
    "center_x": 128.02658081054688,
    "center_y": -2.8662402629852295,
    "center_z": 35.452720642089844,
    "size_x": 16.33100128173828,
    "size_y": 19.85200023651123,
    "size_z": 16.336999893188477
}