{
    "center_x": 13.364155769348145,
    "center_y": 6.370919704437256,
    "center_z": -6.012289047241211,
    "size_x": 22.710000038146973,
    "size_y": 17.993999481201172,
    "size_z": 19.364999771118164
}