{
    "center_x": 7.105587482452393,
    "center_y": 5.256882190704346,
    "center_z": -9.161824226379395,
    "size_x": 15.873000144958496,
    "size_y": 14.121999740600586,
    "size_z": 17.27299976348877
}