{
    "center_x": 29.889148712158203,
    "center_y": 5.206732749938965,
    "center_z": 14.945147514343262,
    "size_x": 16.621999740600586,
    "size_y": 18.609000205993652,
    "size_z": 23.10700035095215
}