{
    "center_x": -0.19723716378211975,
    "center_y": -0.4514886140823364,
    "center_z": 0.0019000257598236203,
    "size_x": 18.499300003051758,
    "size_y": 15.241899967193604,
    "size_z": 21.891799926757812
}