{
    "center_x": 40.210304260253906,
    "center_y": 15.08543586730957,
    "center_z": 61.97321319580078,
    "size_x": 18.812000274658203,
    "size_y": 19.239001274108887,
    "size_z": 16.564002990722656
}