{
    "center_x": 48.98706817626953,
    "center_y": 19.701133728027344,
    "center_z": 74.97980499267578,
    "size_x": 16.77499771118164,
    "size_y": 14.125,
    "size_z": 14.581001281738281
}