{
    "center_x": -7.702441215515137,
    "center_y": 86.43831634521484,
    "center_z": 19.217063903808594,
    "size_x": 21.788000106811523,
    "size_y": 14.7449951171875,
    "size_z": 22.36299991607666
}