{
    "center_x": 12.187600135803223,
    "center_y": -11.049700736999512,
    "center_z": 22.298500061035156,
    "size_x": 12.447999954223633,
    "size_y": 15.53600025177002,
    "size_z": 14.644998550415039
}