{
    "center_x": 7.947290420532227,
    "center_y": -20.9501953125,
    "center_z": -22.02422523498535,
    "size_x": 22.777999877929688,
    "size_y": 17.475000381469727,
    "size_z": 17.125999450683594
}