{
    "center_x": 34.55393981933594,
    "center_y": 32.16329574584961,
    "center_z": 59.904232025146484,
    "size_x": 15.434001922607422,
    "size_y": 16.432998657226562,
    "size_z": 15.948997497558594
}