{
    "center_x": -0.02604193426668644,
    "center_y": -0.37107425928115845,
    "center_z": -0.30666133761405945,
    "size_x": 15.67020034790039,
    "size_y": 14.844799995422363,
    "size_z": 17.943600177764893
}