{
    "center_x": 4.840235233306885,
    "center_y": 19.916296005249023,
    "center_z": -31.313587188720703,
    "size_x": 17.593000411987305,
    "size_y": 19.00300121307373,
    "size_z": 14.17300033569336
}