{
    "center_x": 33.150577545166016,
    "center_y": -10.498727798461914,
    "center_z": -4.89309024810791,
    "size_x": 18.43400001525879,
    "size_y": 21.251999855041504,
    "size_z": 20.936999320983887
}