{
    "center_x": -44.37363052368164,
    "center_y": 49.7739372253418,
    "center_z": -24.662321090698242,
    "size_x": 17.097000122070312,
    "size_y": 22.200000762939453,
    "size_z": 26.178998947143555
}