{
    "center_x": 10.645440101623535,
    "center_y": -7.429234027862549,
    "center_z": 107.50274658203125,
    "size_x": 20.246999740600586,
    "size_y": 19.298999786376953,
    "size_z": 21.839004516601562
}