{
    "center_x": -19.9263916015625,
    "center_y": 27.6749267578125,
    "center_z": -18.74819564819336,
    "size_x": 25.797999382019043,
    "size_y": 21.2450008392334,
    "size_z": 22.41800022125244
}