{
    "center_x": -3.2971551418304443,
    "center_y": -0.9077778458595276,
    "center_z": 22.449508666992188,
    "size_x": 17.35599994659424,
    "size_y": 26.801000595092773,
    "size_z": 22.283000946044922
}