{
    "center_x": 17.32822608947754,
    "center_y": -11.676453590393066,
    "center_z": 8.998953819274902,
    "size_x": 18.09999942779541,
    "size_y": 17.88800048828125,
    "size_z": 16.270000457763672
}