{
    "center_x": 31.903886795043945,
    "center_y": 52.04888916015625,
    "center_z": -1.977222204208374,
    "size_x": 15.115999221801758,
    "size_y": 12.301998138427734,
    "size_z": 13.276999950408936
}