{
    "center_x": 7.480047225952148,
    "center_y": -5.083285331726074,
    "center_z": 29.650285720825195,
    "size_x": 19.41699981689453,
    "size_y": 15.84000015258789,
    "size_z": 16.250999450683594
}