{
    "center_x": 11.026610374450684,
    "center_y": 36.22627639770508,
    "center_z": 24.089000701904297,
    "size_x": 14.46399974822998,
    "size_y": 18.658000946044922,
    "size_z": 20.10300064086914
}