{
    "center_x": 0.016183825209736824,
    "center_y": 0.3449748754501343,
    "center_z": 0.3175029456615448,
    "size_x": 18.643699645996094,
    "size_y": 23.129300117492676,
    "size_z": 17.99899959564209
}