{
    "center_x": 17.139801025390625,
    "center_y": 133.83641052246094,
    "center_z": -2.639200210571289,
    "size_x": 18.012999534606934,
    "size_y": 15.652008056640625,
    "size_z": 21.441999435424805
}