{
    "center_x": 1.1695200204849243,
    "center_y": 5.839120388031006,
    "center_z": 32.01716232299805,
    "size_x": 17.039000034332275,
    "size_y": 16.4689998626709,
    "size_z": 16.457998275756836
}