{
    "center_x": 33.75635528564453,
    "center_y": 36.917415618896484,
    "center_z": 61.94193649291992,
    "size_x": 14.795997619628906,
    "size_y": 18.06800079345703,
    "size_z": 14.03799819946289
}