{
    "center_x": 26.322376251220703,
    "center_y": 69.35981750488281,
    "center_z": 7.312187671661377,
    "size_x": 16.5,
    "size_y": 15.929000854492188,
    "size_z": 15.820000171661377
}