{
    "center_x": 3.9750311374664307,
    "center_y": 1.3704373836517334,
    "center_z": -23.891687393188477,
    "size_x": 19.218000411987305,
    "size_y": 20.84500026702881,
    "size_z": 21.510000228881836
}