{
    "center_x": -40.02535629272461,
    "center_y": 10.239518165588379,
    "center_z": -1.215096116065979,
    "size_x": 14.349002838134766,
    "size_y": 17.98900032043457,
    "size_z": 24.15999984741211
}