{
    "center_x": 20.830249786376953,
    "center_y": -12.179407119750977,
    "center_z": -15.025875091552734,
    "size_x": 17.059999465942383,
    "size_y": 15.843000411987305,
    "size_z": 18.56899929046631
}