{
    "center_x": 26.72104835510254,
    "center_y": -11.344904899597168,
    "center_z": 57.95252227783203,
    "size_x": 18.147001266479492,
    "size_y": 18.4350004196167,
    "size_z": 15.402999877929688
}