{
    "center_x": -2.3178889751434326,
    "center_y": 103.30611419677734,
    "center_z": 26.987220764160156,
    "size_x": 14.085999965667725,
    "size_y": 12.970001220703125,
    "size_z": 13.673999786376953
}