{
    "center_x": 0.03209123760461807,
    "center_y": -0.49384739995002747,
    "center_z": -0.0077684554271399975,
    "size_x": 16.09570026397705,
    "size_y": 21.550999641418457,
    "size_z": 18.07740020751953
}