{
    "center_x": 30.45318031311035,
    "center_y": 7.022106647491455,
    "center_z": 13.256105422973633,
    "size_x": 17.814998626708984,
    "size_y": 14.060999870300293,
    "size_z": 20.241000175476074
}