{
    "center_x": 25.19499969482422,
    "center_y": 13.155608177185059,
    "center_z": -25.51308822631836,
    "size_x": 20.628999710083008,
    "size_y": 16.882999420166016,
    "size_z": 14.722000122070312
}