{
    "center_x": 1.6830713748931885,
    "center_y": -20.259429931640625,
    "center_z": -18.880929946899414,
    "size_x": 15.04099988937378,
    "size_y": 13.270000457763672,
    "size_z": 18.077000617980957
}