{
    "center_x": 9.29509162902832,
    "center_y": 23.052953720092773,
    "center_z": 13.636092185974121,
    "size_x": 17.625,
    "size_y": 17.621999740600586,
    "size_z": 20.732999801635742
}