{
    "center_x": -0.197529137134552,
    "center_y": -0.7802249789237976,
    "center_z": 0.0014291157713159919,
    "size_x": 16.41100025177002,
    "size_y": 22.828899383544922,
    "size_z": 18.74530029296875
}