{
    "center_x": 20.783740997314453,
    "center_y": 6.680258750915527,
    "center_z": 2.904407262802124,
    "size_x": 17.874000549316406,
    "size_y": 20.399999618530273,
    "size_z": 19.777999877929688
}