{
    "center_x": -41.595375061035156,
    "center_y": 24.81712532043457,
    "center_z": -9.688374519348145,
    "size_x": 12.948997497558594,
    "size_y": 11.418001174926758,
    "size_z": 15.050000190734863
}