{
    "center_x": 8.646500587463379,
    "center_y": 141.9674072265625,
    "center_z": 100.49407958984375,
    "size_x": 16.29699993133545,
    "size_y": 13.082992553710938,
    "size_z": 14.234992980957031
}