{
    "center_x": -5.133448600769043,
    "center_y": 28.783830642700195,
    "center_z": 10.343931198120117,
    "size_x": 21.26900005340576,
    "size_y": 22.72100067138672,
    "size_z": 17.278000354766846
}