{
    "center_x": 21.860824584960938,
    "center_y": 33.97823715209961,
    "center_z": 9.398293495178223,
    "size_x": 14.375,
    "size_y": 18.166000366210938,
    "size_z": 14.953999996185303
}