{
    "center_x": 25.74921226501465,
    "center_y": 6.486708164215088,
    "center_z": 10.732707977294922,
    "size_x": 16.373998641967773,
    "size_y": 20.089000701904297,
    "size_z": 15.919999599456787
}