{
    "center_x": -0.060479987412691116,
    "center_y": -0.5710963606834412,
    "center_z": 0.0635218396782875,
    "size_x": 19.96780014038086,
    "size_y": 23.44230079650879,
    "size_z": 17.079699993133545
}