{
    "center_x": 25.720529556274414,
    "center_y": -1.5212000608444214,
    "center_z": 34.89970016479492,
    "size_x": 18.89299964904785,
    "size_y": 19.19700050354004,
    "size_z": 19.102001190185547
}