{
    "center_x": 31.26971435546875,
    "center_y": 8.165572166442871,
    "center_z": 10.510428428649902,
    "size_x": 13.74599838256836,
    "size_y": 14.275000095367432,
    "size_z": 11.585000038146973
}