{
    "center_x": -9.210110664367676,
    "center_y": 2.665888786315918,
    "center_z": 8.903332710266113,
    "size_x": 14.835999965667725,
    "size_y": 11.591999888420105,
    "size_z": 13.509999752044678
}