{
    "center_x": 4.523977279663086,
    "center_y": 9.489577293395996,
    "center_z": 45.40950012207031,
    "size_x": 27.82699966430664,
    "size_y": 18.984999656677246,
    "size_z": 20.911998748779297
}