{
    "center_x": 16.332416534423828,
    "center_y": 12.715583801269531,
    "center_z": 41.04483413696289,
    "size_x": 14.10200023651123,
    "size_y": 14.133000373840332,
    "size_z": 14.98299789428711
}