{
    "center_x": -0.06942690163850784,
    "center_y": -0.23169231414794922,
    "center_z": -0.11520767956972122,
    "size_x": 16.477200031280518,
    "size_y": 14.656700134277344,
    "size_z": 16.73640012741089
}