{
    "center_x": -44.603004455566406,
    "center_y": 13.87807559967041,
    "center_z": 7.20269250869751,
    "size_x": 18.24599838256836,
    "size_y": 22.15399932861328,
    "size_z": 15.905000686645508
}