{
    "center_x": 12.705101013183594,
    "center_y": 14.864256858825684,
    "center_z": 2.625607967376709,
    "size_x": 20.73300075531006,
    "size_y": 17.25700092315674,
    "size_z": 24.036999702453613
}