{
    "center_x": 3.2120397090911865,
    "center_y": 4.021519660949707,
    "center_z": -6.077200412750244,
    "size_x": 20.099000930786133,
    "size_y": 18.98799991607666,
    "size_z": 15.136000633239746
}