{
    "center_x": 11.19996452331543,
    "center_y": -2.116642951965332,
    "center_z": -7.191143035888672,
    "size_x": 18.01300048828125,
    "size_y": 16.361999988555908,
    "size_z": 19.506999969482422
}