{
    "center_x": -38.730106353759766,
    "center_y": 2.3901870250701904,
    "center_z": -1.4515835046768188,
    "size_x": 21.034000396728516,
    "size_y": 20.086999893188477,
    "size_z": 26.735000610351562
}