{
    "center_x": 19.106611251831055,
    "center_y": 56.02433776855469,
    "center_z": 30.73788833618164,
    "size_x": 14.388999938964844,
    "size_y": 14.265003204345703,
    "size_z": 18.659000396728516
}