{
    "center_x": 22.31376075744629,
    "center_y": 43.378379821777344,
    "center_z": -20.43575668334961,
    "size_x": 13.559999465942383,
    "size_y": 18.22100067138672,
    "size_z": 25.562000274658203
}