{
    "center_x": -21.201993942260742,
    "center_y": -12.850258827209473,
    "center_z": -9.595064163208008,
    "size_x": 16.312999725341797,
    "size_y": 15.232999801635742,
    "size_z": 22.83599853515625
}