{
    "center_x": 11.027000427246094,
    "center_y": 27.084518432617188,
    "center_z": -3.4154484272003174,
    "size_x": 13.786999702453613,
    "size_y": 19.58300018310547,
    "size_z": 24.4950008392334
}