{
    "center_x": -45.88356018066406,
    "center_y": 30.45699691772461,
    "center_z": 11.6577787399292,
    "size_x": 13.927001953125,
    "size_y": 13.704000473022461,
    "size_z": 13.256999969482422
}