{
    "center_x": 45.52833557128906,
    "center_y": -21.055089950561523,
    "center_z": 14.433940887451172,
    "size_x": 20.639999389648438,
    "size_y": 16.097000122070312,
    "size_z": 23.751001358032227
}