{
    "center_x": -30.746152877807617,
    "center_y": 7.329538822174072,
    "center_z": -6.04730749130249,
    "size_x": 15.291999816894531,
    "size_y": 14.691999435424805,
    "size_z": 14.909000396728516
}