{
    "center_x": 84.0731201171875,
    "center_y": 14.334062576293945,
    "center_z": 35.70886993408203,
    "size_x": 14.972999572753906,
    "size_y": 15.164000511169434,
    "size_z": 14.919998168945312
}