{
    "center_x": 64.77212524414062,
    "center_y": -21.569704055786133,
    "center_z": 48.82366943359375,
    "size_x": 19.09100341796875,
    "size_y": 17.111000061035156,
    "size_z": 16.81100082397461
}