{
    "center_x": 17.40573501586914,
    "center_y": -9.663060188293457,
    "center_z": 0.25394105911254883,
    "size_x": 21.229000091552734,
    "size_y": 18.844999313354492,
    "size_z": 16.996000289916992
}