{
    "center_x": -0.3232472240924835,
    "center_y": -0.4680638909339905,
    "center_z": -0.019669465720653534,
    "size_x": 17.84920024871826,
    "size_y": 17.210800170898438,
    "size_z": 16.950599670410156
}