{
    "center_x": 2.8418331146240234,
    "center_y": 67.45193481445312,
    "center_z": 63.05377960205078,
    "size_x": 15.450000286102295,
    "size_y": 15.905998229980469,
    "size_z": 16.01000213623047
}