{
    "center_x": -17.452091217041016,
    "center_y": 14.07170581817627,
    "center_z": 29.666969299316406,
    "size_x": 19.883000373840332,
    "size_y": 21.643001556396484,
    "size_z": 21.086000442504883
}