{
    "center_x": 26.593273162841797,
    "center_y": -7.331726551055908,
    "center_z": 42.94181823730469,
    "size_x": 13.367000579833984,
    "size_y": 15.422999858856201,
    "size_z": 14.528999328613281
}