{
    "center_x": 18.514217376708984,
    "center_y": 3.9147820472717285,
    "center_z": 24.64043426513672,
    "size_x": 17.43100070953369,
    "size_y": 17.53599977493286,
    "size_z": 17.972999572753906
}