{
    "center_x": -0.14233030378818512,
    "center_y": -0.3344757854938507,
    "center_z": -0.14851513504981995,
    "size_x": 14.072499752044678,
    "size_y": 15.404399871826172,
    "size_z": 20.408899307250977
}