{
    "center_x": 16.6861572265625,
    "center_y": 25.497472763061523,
    "center_z": 12.943737030029297,
    "size_x": 13.084999084472656,
    "size_y": 16.4060001373291,
    "size_z": 17.95199966430664
}