{
    "center_x": -0.047787588089704514,
    "center_y": -0.558903694152832,
    "center_z": 0.034671422094106674,
    "size_x": 24.89099884033203,
    "size_y": 16.913000106811523,
    "size_z": 17.23740005493164
}