{
    "center_x": 31.251237869262695,
    "center_y": 44.54283142089844,
    "center_z": 34.61106872558594,
    "size_x": 20.965002059936523,
    "size_y": 18.468997955322266,
    "size_z": 18.780000686645508
}