{
    "center_x": 12.250971794128418,
    "center_y": 26.36499786376953,
    "center_z": 42.62478256225586,
    "size_x": 17.77400016784668,
    "size_y": 19.34600067138672,
    "size_z": 23.195999145507812
}