{
    "center_x": 10.960578918457031,
    "center_y": -1.0526841878890991,
    "center_z": 40.41847610473633,
    "size_x": 14.01099967956543,
    "size_y": 16.633000373840332,
    "size_z": 18.131000518798828
}