{
    "center_x": 28.354536056518555,
    "center_y": 0.6217692494392395,
    "center_z": -12.591383934020996,
    "size_x": 13.076000213623047,
    "size_y": 17.766000270843506,
    "size_z": 15.142000198364258
}