{
    "center_x": -83.03236389160156,
    "center_y": -19.05702781677246,
    "center_z": 87.19220733642578,
    "size_x": 22.557998657226562,
    "size_y": 19.53999900817871,
    "size_z": 20.20000457763672
}