{
    "center_x": 68.20092010498047,
    "center_y": 100.02669525146484,
    "center_z": 88.62364959716797,
    "size_x": 15.361000061035156,
    "size_y": 21.26300048828125,
    "size_z": 19.71900177001953
}