{
    "center_x": -13.398999214172363,
    "center_y": -2.2015907764434814,
    "center_z": -14.360727310180664,
    "size_x": 17.010000228881836,
    "size_y": 16.454999923706055,
    "size_z": 20.097000122070312
}