{
    "center_x": 23.82579231262207,
    "center_y": -8.017441749572754,
    "center_z": 20.990264892578125,
    "size_x": 17.882999420166016,
    "size_y": 15.170000076293945,
    "size_z": 28.881000518798828
}