{
    "center_x": 13.994333267211914,
    "center_y": -0.07640001177787781,
    "center_z": 58.89866638183594,
    "size_x": 17.65299892425537,
    "size_y": 14.152999877929688,
    "size_z": 16.487998962402344
}