{
    "center_x": -0.3232555091381073,
    "center_y": -0.46806102991104126,
    "center_z": -0.01966111548244953,
    "size_x": 17.648799896240234,
    "size_y": 17.777000427246094,
    "size_z": 13.985300064086914
}