{
    "center_x": 15.034334182739258,
    "center_y": 21.773221969604492,
    "center_z": 41.355220794677734,
    "size_x": 14.85099983215332,
    "size_y": 13.190999984741211,
    "size_z": 12.61099624633789
}