{
    "center_x": 18.94027328491211,
    "center_y": 16.628089904785156,
    "center_z": -26.842273712158203,
    "size_x": 13.881999969482422,
    "size_y": 15.076001167297363,
    "size_z": 13.72800064086914
}