{
    "center_x": -8.576927185058594,
    "center_y": -38.772727966308594,
    "center_z": -7.147780418395996,
    "size_x": 23.815000534057617,
    "size_y": 22.7239990234375,
    "size_z": 20.25599956512451
}