{
    "center_x": -20.183237075805664,
    "center_y": -41.374237060546875,
    "center_z": 29.352766036987305,
    "size_x": 15.982999801635742,
    "size_y": 18.121997833251953,
    "size_z": 14.302000045776367
}