{
    "center_x": -21.640932083129883,
    "center_y": -10.142206192016602,
    "center_z": -23.12854766845703,
    "size_x": 19.00899887084961,
    "size_y": 21.211000442504883,
    "size_z": 16.736000061035156
}