{
    "center_x": 12.717812538146973,
    "center_y": 46.8344841003418,
    "center_z": 13.53813648223877,
    "size_x": 24.179000854492188,
    "size_y": 16.78499984741211,
    "size_z": 19.6200008392334
}