{
    "center_x": -1.90666663646698,
    "center_y": 7.288554668426514,
    "center_z": 32.911888122558594,
    "size_x": 18.54599952697754,
    "size_y": 13.685999393463135,
    "size_z": 11.841999053955078
}