{
    "center_x": 15.236875534057617,
    "center_y": 15.79987621307373,
    "center_z": 47.14212417602539,
    "size_x": 12.026000022888184,
    "size_y": 12.906001091003418,
    "size_z": 14.194000244140625
}