{
    "center_x": 26.496000289916992,
    "center_y": 33.10799789428711,
    "center_z": -6.204713344573975,
    "size_x": 13.795999526977539,
    "size_y": 13.83799934387207,
    "size_z": 13.787000179290771
}