{
    "center_x": -22.43458366394043,
    "center_y": 1.0325090885162354,
    "center_z": -0.8540542125701904,
    "size_x": 21.243000030517578,
    "size_y": 24.640000343322754,
    "size_z": 18.390999794006348
}