{
    "center_x": 56.294429779052734,
    "center_y": 55.995697021484375,
    "center_z": 18.24004364013672,
    "size_x": 18.332000732421875,
    "size_y": 16.35300064086914,
    "size_z": 15.026000022888184
}