{
    "center_x": -0.2893766462802887,
    "center_y": -0.6358675956726074,
    "center_z": 0.07216975837945938,
    "size_x": 17.131500244140625,
    "size_y": 16.77370023727417,
    "size_z": 20.592100143432617
}