{
    "center_x": -13.602614402770996,
    "center_y": -7.8704609870910645,
    "center_z": 9.695537567138672,
    "size_x": 15.522001266479492,
    "size_y": 14.511999607086182,
    "size_z": 13.473999977111816
}