{
    "center_x": 44.26763153076172,
    "center_y": -16.81414794921875,
    "center_z": -7.554407596588135,
    "size_x": 16.702999114990234,
    "size_y": 23.866000175476074,
    "size_z": 16.18399953842163
}