{
    "center_x": -2.258666753768921,
    "center_y": -9.174444198608398,
    "center_z": 6.369777679443359,
    "size_x": 13.115999937057495,
    "size_y": 15.483999729156494,
    "size_z": 11.963000297546387
}