{
    "center_x": -0.19752494990825653,
    "center_y": -0.780218780040741,
    "center_z": 0.0014292026171460748,
    "size_x": 17.9721999168396,
    "size_y": 19.63070011138916,
    "size_z": 20.415300369262695
}