{
    "center_x": 47.31472396850586,
    "center_y": 35.037723541259766,
    "center_z": 12.04741382598877,
    "size_x": 18.986000061035156,
    "size_y": 16.339998245239258,
    "size_z": 18.371000289916992
}