{
    "center_x": -0.02603870816528797,
    "center_y": -0.3710710108280182,
    "center_z": -0.3066677749156952,
    "size_x": 15.604199886322021,
    "size_y": 17.628100395202637,
    "size_z": 18.51830005645752
}