{
    "center_x": 10.259209632873535,
    "center_y": 36.336524963378906,
    "center_z": 18.564315795898438,
    "size_x": 20.171998977661133,
    "size_y": 14.725997924804688,
    "size_z": 13.093000411987305
}