{
    "center_x": 6.515591144561768,
    "center_y": -17.18157196044922,
    "center_z": 19.774938583374023,
    "size_x": 23.604000091552734,
    "size_y": 18.291000366210938,
    "size_z": 19.499999046325684
}