{
    "center_x": 82.7358627319336,
    "center_y": 49.892967224121094,
    "center_z": 54.20957565307617,
    "size_x": 16.72699737548828,
    "size_y": 17.586997985839844,
    "size_z": 19.263999938964844
}