{
    "center_x": 45.73640823364258,
    "center_y": -10.347381591796875,
    "center_z": 109.97791290283203,
    "size_x": 17.256999969482422,
    "size_y": 25.239999771118164,
    "size_z": 24.172996520996094
}