{
    "center_x": 32.75263977050781,
    "center_y": 38.57636642456055,
    "center_z": 27.124181747436523,
    "size_x": 14.534000396728516,
    "size_y": 14.609001159667969,
    "size_z": 10.920999526977539
}