{
    "center_x": -22.037349700927734,
    "center_y": -9.090324401855469,
    "center_z": 13.185324668884277,
    "size_x": 18.8489990234375,
    "size_y": 21.84000015258789,
    "size_z": 18.636000633239746
}