{
    "center_x": 13.713895797729492,
    "center_y": 19.723791122436523,
    "center_z": 22.5676326751709,
    "size_x": 18.050999641418457,
    "size_y": 16.388999938964844,
    "size_z": 17.74100112915039
}