{
    "center_x": -5.276437282562256,
    "center_y": 9.334312438964844,
    "center_z": 0.5285624861717224,
    "size_x": 13.583999872207642,
    "size_y": 17.186999797821045,
    "size_z": 14.071000099182129
}