{
    "center_x": 10.570104598999023,
    "center_y": 41.478416442871094,
    "center_z": 32.49115753173828,
    "size_x": 19.69099998474121,
    "size_y": 19.52300262451172,
    "size_z": 21.150001525878906
}