{
    "center_x": 0.010807579383254051,
    "center_y": -0.48871365189552307,
    "center_z": -0.053245484828948975,
    "size_x": 23.319499969482422,
    "size_y": 21.55620002746582,
    "size_z": 22.590099334716797
}