{
    "center_x": -20.185958862304688,
    "center_y": -1.4572396278381348,
    "center_z": -19.258039474487305,
    "size_x": 17.211999893188477,
    "size_y": 22.131999969482422,
    "size_z": 16.19700050354004
}