{
    "center_x": 42.97663116455078,
    "center_y": 5.463474273681641,
    "center_z": 13.37584114074707,
    "size_x": 14.394001007080078,
    "size_y": 16.227999687194824,
    "size_z": 19.41100025177002
}