{
    "center_x": 8.293363571166992,
    "center_y": -4.51768159866333,
    "center_z": 22.296680450439453,
    "size_x": 17.817999839782715,
    "size_y": 18.09000015258789,
    "size_z": 14.585000991821289
}