{
    "center_x": 4.621870517730713,
    "center_y": 1.4010968208312988,
    "center_z": -4.554516315460205,
    "size_x": 17.249000072479248,
    "size_y": 17.729000091552734,
    "size_z": 17.947999954223633
}