{
    "center_x": 16.37299919128418,
    "center_y": 32.4427490234375,
    "center_z": 75.27999877929688,
    "size_x": 13.878000259399414,
    "size_y": 14.01199722290039,
    "size_z": 11.010993957519531
}