{
    "center_x": -2.571309804916382,
    "center_y": 11.507759094238281,
    "center_z": -0.7532069087028503,
    "size_x": 18.84000015258789,
    "size_y": 17.497999668121338,
    "size_z": 15.74399995803833
}