{
    "center_x": -1.3973749876022339,
    "center_y": 44.195064544677734,
    "center_z": 14.64987564086914,
    "size_x": 19.941999435424805,
    "size_y": 16.261001586914062,
    "size_z": 19.01799964904785
}