{
    "center_x": 4.345030307769775,
    "center_y": 11.129237174987793,
    "center_z": 32.356292724609375,
    "size_x": 20.2189998626709,
    "size_y": 17.27500009536743,
    "size_z": 18.395999908447266
}