{
    "center_x": -17.14703941345215,
    "center_y": -0.31657692790031433,
    "center_z": 22.019502639770508,
    "size_x": 17.86400032043457,
    "size_y": 20.70300006866455,
    "size_z": 15.119001388549805
}