{
    "center_x": 82.96664428710938,
    "center_y": 8.203880310058594,
    "center_z": 66.16896057128906,
    "size_x": 20.189002990722656,
    "size_y": 18.413999557495117,
    "size_z": 13.583999633789062
}