{
    "center_x": 15.433151245117188,
    "center_y": -3.5632500648498535,
    "center_z": 33.62355041503906,
    "size_x": 21.576000213623047,
    "size_y": 12.608999967575073,
    "size_z": 15.32499885559082
}