{
    "center_x": -13.91217041015625,
    "center_y": 31.72454261779785,
    "center_z": -13.900772094726562,
    "size_x": 18.911999702453613,
    "size_y": 19.440998077392578,
    "size_z": 19.354000091552734
}