{
    "center_x": 36.976810455322266,
    "center_y": -11.510116577148438,
    "center_z": 8.18115520477295,
    "size_x": 20.104000091552734,
    "size_y": 16.36199951171875,
    "size_z": 18.109999656677246
}