{
    "center_x": -0.03404589369893074,
    "center_y": 0.00628333305940032,
    "center_z": -0.10448332875967026,
    "size_x": 18.646900177001953,
    "size_y": 14.59570026397705,
    "size_z": 15.347800254821777
}