{
    "center_x": 31.640308380126953,
    "center_y": -1.2716925144195557,
    "center_z": 49.771156311035156,
    "size_x": 11.81199836730957,
    "size_y": 18.47100067138672,
    "size_z": 13.909000396728516
}