{
    "center_x": 33.20674514770508,
    "center_y": -31.623580932617188,
    "center_z": -1.7142082452774048,
    "size_x": 23.80099868774414,
    "size_y": 19.719999313354492,
    "size_z": 17.34500026702881
}