{
    "center_x": -0.655121922492981,
    "center_y": 31.504539489746094,
    "center_z": 6.680536270141602,
    "size_x": 19.274999618530273,
    "size_y": 24.448001861572266,
    "size_z": 15.36899995803833
}