{
    "center_x": 5.61329984664917,
    "center_y": -3.023599863052368,
    "center_z": 19.02889633178711,
    "size_x": 14.154999732971191,
    "size_y": 13.73199987411499,
    "size_z": 12.090999603271484
}