{
    "center_x": -0.012778839096426964,
    "center_y": -0.711650013923645,
    "center_z": -0.07707691937685013,
    "size_x": 15.652699947357178,
    "size_y": 19.145299911499023,
    "size_z": 20.45860004425049
}