{
    "center_x": 9.381390571594238,
    "center_y": 13.943957328796387,
    "center_z": 25.29317283630371,
    "size_x": 15.986000061035156,
    "size_y": 18.189000129699707,
    "size_z": 17.03499984741211
}