{
    "center_x": -26.066795349121094,
    "center_y": -57.8621711730957,
    "center_z": -6.9213457107543945,
    "size_x": 16.2239990234375,
    "size_y": 22.65500259399414,
    "size_z": 18.786999702453613
}