{
    "center_x": -1.3179231882095337,
    "center_y": -27.35661506652832,
    "center_z": -69.39575958251953,
    "size_x": 16.15000009536743,
    "size_y": 22.809001922607422,
    "size_z": 20.28399658203125
}