{
    "center_x": -24.05849838256836,
    "center_y": 0.9699118137359619,
    "center_z": -1.7065589427947998,
    "size_x": 16.881999969482422,
    "size_y": 21.86400032043457,
    "size_z": 21.689000129699707
}