{
    "center_x": 5.140674591064453,
    "center_y": 18.86985206604004,
    "center_z": 7.297499656677246,
    "size_x": 22.58799934387207,
    "size_y": 19.207000732421875,
    "size_z": 16.95300054550171
}