{
    "center_x": -16.84015655517578,
    "center_y": -7.439593315124512,
    "center_z": -22.139436721801758,
    "size_x": 18.876999855041504,
    "size_y": 18.18400001525879,
    "size_z": 20.36400032043457
}