{
    "center_x": 46.08964538574219,
    "center_y": 39.898712158203125,
    "center_z": 203.4679718017578,
    "size_x": 22.795001983642578,
    "size_y": 18.118000030517578,
    "size_z": 20.797012329101562
}