{
    "center_x": -7.827499866485596,
    "center_y": -10.850226402282715,
    "center_z": 9.847408294677734,
    "size_x": 16.796000003814697,
    "size_y": 15.360999584197998,
    "size_z": 17.170000076293945
}