{
    "center_x": 21.57149887084961,
    "center_y": 14.329299926757812,
    "center_z": 62.50969696044922,
    "size_x": 11.756000518798828,
    "size_y": 14.943999290466309,
    "size_z": 15.251998901367188
}