{
    "center_x": 23.666027069091797,
    "center_y": -39.43818664550781,
    "center_z": 6.2741875648498535,
    "size_x": 18.102998733520508,
    "size_y": 21.567001342773438,
    "size_z": 19.850000381469727
}