{
    "center_x": 12.285867691040039,
    "center_y": -8.037078857421875,
    "center_z": -3.039947271347046,
    "size_x": 18.1560001373291,
    "size_y": 22.638999938964844,
    "size_z": 18.277000427246094
}