{
    "center_x": 38.37285614013672,
    "center_y": 13.165879249572754,
    "center_z": 10.108168601989746,
    "size_x": 20.524002075195312,
    "size_y": 25.64699935913086,
    "size_z": 18.484999656677246
}