{
    "center_x": -7.769999980926514,
    "center_y": -11.384576797485352,
    "center_z": 12.414000511169434,
    "size_x": 13.191999912261963,
    "size_y": 22.220998764038086,
    "size_z": 20.108999252319336
}