{
    "center_x": -12.61078929901123,
    "center_y": -9.65068531036377,
    "center_z": -1.954157829284668,
    "size_x": 16.720999717712402,
    "size_y": 16.51300048828125,
    "size_z": 14.388000011444092
}