{
    "center_x": 178.93087768554688,
    "center_y": 19.636638641357422,
    "center_z": 46.21363830566406,
    "size_x": 18.37799072265625,
    "size_y": 18.92199993133545,
    "size_z": 17.541000366210938
}