{
    "center_x": 39.212833404541016,
    "center_y": -7.826958179473877,
    "center_z": -27.67316436767578,
    "size_x": 24.538999557495117,
    "size_y": 13.539000034332275,
    "size_z": 13.926000595092773
}