{
    "center_x": 15.468758583068848,
    "center_y": 2.622030258178711,
    "center_z": 37.80672836303711,
    "size_x": 19.34600067138672,
    "size_y": 20.79199981689453,
    "size_z": 20.727996826171875
}