{
    "center_x": -0.018365629017353058,
    "center_y": -0.31369373202323914,
    "center_z": -0.24515625834465027,
    "size_x": 15.895899772644043,
    "size_y": 15.756999969482422,
    "size_z": 17.80530023574829
}