{
    "center_x": 52.21406555175781,
    "center_y": 5.557400703430176,
    "center_z": 7.47226619720459,
    "size_x": 17.847999572753906,
    "size_y": 15.586999893188477,
    "size_z": 13.148000240325928
}