{
    "center_x": -5.141000270843506,
    "center_y": -5.079143047332764,
    "center_z": 12.266213417053223,
    "size_x": 16.05299949645996,
    "size_y": 13.594000101089478,
    "size_z": 16.869999885559082
}