{
    "center_x": 8.684768676757812,
    "center_y": 29.02884864807129,
    "center_z": 16.283462524414062,
    "size_x": 18.48799991607666,
    "size_y": 12.59000015258789,
    "size_z": 12.339000701904297
}