{
    "center_x": 26.030284881591797,
    "center_y": 1.006428599357605,
    "center_z": 1.560178518295288,
    "size_x": 22.28499984741211,
    "size_y": 15.63599967956543,
    "size_z": 15.86400032043457
}