{
    "center_x": -1.4787501096725464,
    "center_y": -29.473121643066406,
    "center_z": 17.503664016723633,
    "size_x": 14.633999824523926,
    "size_y": 17.828001022338867,
    "size_z": 18.473999977111816
}