{
    "center_x": 11.374165534973145,
    "center_y": 22.414167404174805,
    "center_z": 34.232933044433594,
    "size_x": 23.26400089263916,
    "size_y": 20.924999237060547,
    "size_z": 14.81500244140625
}