{
    "center_x": -2.9003043174743652,
    "center_y": 80.13761138916016,
    "center_z": 66.7579116821289,
    "size_x": 14.046000003814697,
    "size_y": 19.88500213623047,
    "size_z": 19.734996795654297
}