{
    "center_x": -5.272477626800537,
    "center_y": 3.4095656871795654,
    "center_z": -12.806522369384766,
    "size_x": 19.807000160217285,
    "size_y": 14.605000019073486,
    "size_z": 15.89799976348877
}