{
    "center_x": 15.15927791595459,
    "center_y": 21.40516471862793,
    "center_z": -50.6893310546875,
    "size_x": 22.02400016784668,
    "size_y": 22.991000175476074,
    "size_z": 16.80099868774414
}