{
    "center_x": -63.426998138427734,
    "center_y": 10.373437881469727,
    "center_z": -24.555971145629883,
    "size_x": 21.185001373291016,
    "size_y": 16.90999984741211,
    "size_z": 19.41200065612793
}