{
    "center_x": 21.93366813659668,
    "center_y": -37.21174240112305,
    "center_z": -53.43178176879883,
    "size_x": 18.937000274658203,
    "size_y": 16.160999298095703,
    "size_z": 21.463001251220703
}