{
    "center_x": -17.96139144897461,
    "center_y": 35.93960952758789,
    "center_z": 43.78669357299805,
    "size_x": 18.279998779296875,
    "size_y": 14.21099853515625,
    "size_z": 18.097999572753906
}