{
    "center_x": -0.02928696759045124,
    "center_y": -0.6342055797576904,
    "center_z": -0.01737772487103939,
    "size_x": 20.130300521850586,
    "size_y": 19.44659996032715,
    "size_z": 18.21749973297119
}