{
    "center_x": 16.79340171813965,
    "center_y": -12.378400802612305,
    "center_z": 21.82943344116211,
    "size_x": 21.69499969482422,
    "size_y": 14.652999877929688,
    "size_z": 19.750999450683594
}