{
    "center_x": -31.66444206237793,
    "center_y": 19.825111389160156,
    "center_z": 35.19533157348633,
    "size_x": 20.326000213623047,
    "size_y": 15.406999588012695,
    "size_z": 12.802997589111328
}