{
    "center_x": -0.32325279712677,
    "center_y": -0.46805551648139954,
    "center_z": -0.01966109313070774,
    "size_x": 19.673999786376953,
    "size_y": 16.32229995727539,
    "size_z": 17.044899940490723
}