{
    "center_x": 73.5792236328125,
    "center_y": 45.084041595458984,
    "center_z": 50.05455017089844,
    "size_x": 15.232994079589844,
    "size_y": 22.329998016357422,
    "size_z": 13.803001403808594
}