{
    "center_x": 18.42599868774414,
    "center_y": -5.210500240325928,
    "center_z": 8.329962730407715,
    "size_x": 19.32699966430664,
    "size_y": 18.808000564575195,
    "size_z": 16.15700054168701
}