{
    "center_x": 32.5692253112793,
    "center_y": 16.850887298583984,
    "center_z": 16.00922203063965,
    "size_x": 16.5939998626709,
    "size_y": 13.630999565124512,
    "size_z": 12.95099925994873
}