{
    "center_x": -37.102909088134766,
    "center_y": 26.47100067138672,
    "center_z": 5.401909351348877,
    "size_x": 13.678001403808594,
    "size_y": 13.054000854492188,
    "size_z": 14.983999729156494
}