{
    "center_x": 34.961849212646484,
    "center_y": 23.95585060119629,
    "center_z": 30.260446548461914,
    "size_x": 18.4060001373291,
    "size_y": 19.378000259399414,
    "size_z": 23.02899932861328
}