{
    "center_x": -14.650428771972656,
    "center_y": 10.199714660644531,
    "center_z": 24.22414207458496,
    "size_x": 12.449999809265137,
    "size_y": 14.427000045776367,
    "size_z": 16.486000061035156
}