{
    "center_x": -46.69647979736328,
    "center_y": -28.589004516601562,
    "center_z": 2.5780434608459473,
    "size_x": 17.37900161743164,
    "size_y": 15.890998840332031,
    "size_z": 18.458999633789062
}