{
    "center_x": 15.718829154968262,
    "center_y": 16.668983459472656,
    "center_z": 19.08819007873535,
    "size_x": 16.823999404907227,
    "size_y": 30.113000869750977,
    "size_z": 21.461000442504883
}