{
    "center_x": 5.474490165710449,
    "center_y": -30.53203773498535,
    "center_z": -4.51926326751709,
    "size_x": 20.895999908447266,
    "size_y": 20.792001724243164,
    "size_z": 31.17799949645996
}