{
    "center_x": 22.36823272705078,
    "center_y": 21.1165771484375,
    "center_z": 97.38523864746094,
    "size_x": 16.828001022338867,
    "size_y": 18.69300079345703,
    "size_z": 21.288002014160156
}