{
    "center_x": -0.23780754208564758,
    "center_y": -0.49671244621276855,
    "center_z": -0.01929502561688423,
    "size_x": 18.660999298095703,
    "size_y": 19.248699188232422,
    "size_z": 21.51460075378418
}