{
    "center_x": 23.85482406616211,
    "center_y": 17.924118041992188,
    "center_z": -11.989058494567871,
    "size_x": 13.705001831054688,
    "size_y": 19.56399917602539,
    "size_z": 14.35300064086914
}