{
    "center_x": -15.000556945800781,
    "center_y": -23.68681526184082,
    "center_z": 149.84205627441406,
    "size_x": 17.376999855041504,
    "size_y": 19.769001007080078,
    "size_z": 16.616012573242188
}