{
    "center_x": 5.299699306488037,
    "center_y": -32.533329010009766,
    "center_z": 26.59712791442871,
    "size_x": 21.277999877929688,
    "size_y": 19.983999252319336,
    "size_z": 21.03099822998047
}