{
    "center_x": 33.19717788696289,
    "center_y": 58.13154602050781,
    "center_z": 48.07354736328125,
    "size_x": 12.606998443603516,
    "size_y": 14.931999206542969,
    "size_z": 16.312999725341797
}