{
    "center_x": 17.249727249145508,
    "center_y": 0.6364545226097107,
    "center_z": 26.14581871032715,
    "size_x": 22.54699993133545,
    "size_y": 26.28999900817871,
    "size_z": 19.861000061035156
}