{
    "center_x": 13.920132637023926,
    "center_y": 149.4083709716797,
    "center_z": 25.88093376159668,
    "size_x": 16.87299919128418,
    "size_y": 22.146011352539062,
    "size_z": 16.027000427246094
}