{
    "center_x": -22.180076599121094,
    "center_y": 13.404462814331055,
    "center_z": 27.45415496826172,
    "size_x": 15.975000381469727,
    "size_y": 13.175999641418457,
    "size_z": 15.079000473022461
}