{
    "center_x": -26.648601531982422,
    "center_y": 4.088457107543945,
    "center_z": 11.829656600952148,
    "size_x": 24.029001235961914,
    "size_y": 19.94700050354004,
    "size_z": 17.425000190734863
}