{
    "center_x": -20.610544204711914,
    "center_y": 7.637000560760498,
    "center_z": -16.544315338134766,
    "size_x": 19.347999572753906,
    "size_y": 18.71500015258789,
    "size_z": 17.3700008392334
}