{
    "center_x": -30.784873962402344,
    "center_y": 31.509624481201172,
    "center_z": 14.541375160217285,
    "size_x": 12.589000701904297,
    "size_y": 14.044998168945312,
    "size_z": 13.552000045776367
}