{
    "center_x": 17.653928756713867,
    "center_y": -32.04542922973633,
    "center_z": -1.7030000686645508,
    "size_x": 16.168999671936035,
    "size_y": 14.575000762939453,
    "size_z": 15.321000099182129
}