{
    "center_x": -3.0990543365478516,
    "center_y": -18.236595153808594,
    "center_z": 16.80478286743164,
    "size_x": 24.003000259399414,
    "size_y": 19.375000953674316,
    "size_z": 16.46299934387207
}