{
    "center_x": -55.604270935058594,
    "center_y": 47.79208755493164,
    "center_z": -18.14409065246582,
    "size_x": 15.897998809814453,
    "size_y": 13.295001983642578,
    "size_z": 15.458000183105469
}