{
    "center_x": 1.7936666011810303,
    "center_y": 21.852001190185547,
    "center_z": -2.991333246231079,
    "size_x": 11.145999908447266,
    "size_y": 13.954999923706055,
    "size_z": 14.65999984741211
}