{
    "center_x": 29.963932037353516,
    "center_y": 44.208534240722656,
    "center_z": 90.31185913085938,
    "size_x": 14.524999618530273,
    "size_y": 18.59400177001953,
    "size_z": 12.376998901367188
}