{
    "center_x": 5.712250232696533,
    "center_y": -0.42524999380111694,
    "center_z": 1.335399866104126,
    "size_x": 13.907999753952026,
    "size_y": 15.901000022888184,
    "size_z": 20.347999572753906
}