{
    "center_x": 22.930099487304688,
    "center_y": 12.536649703979492,
    "center_z": 64.95010375976562,
    "size_x": 16.93400001525879,
    "size_y": 16.277000427246094,
    "size_z": 15.767997741699219
}