{
    "center_x": -17.21315574645996,
    "center_y": -37.881309509277344,
    "center_z": -0.3254687488079071,
    "size_x": 23.045000076293945,
    "size_y": 17.43199920654297,
    "size_z": 18.104000091552734
}