{
    "center_x": 23.499887466430664,
    "center_y": 55.54537582397461,
    "center_z": 87.4696044921875,
    "size_x": 27.829998016357422,
    "size_y": 14.958999633789062,
    "size_z": 16.465003967285156
}