{
    "center_x": 26.70191192626953,
    "center_y": -3.123136281967163,
    "center_z": 2.183590888977051,
    "size_x": 18.310998916625977,
    "size_y": 18.67199993133545,
    "size_z": 13.733999967575073
}