{
    "center_x": -51.81615447998047,
    "center_y": 95.2659912109375,
    "center_z": 24.21360206604004,
    "size_x": 20.328998565673828,
    "size_y": 20.29700469970703,
    "size_z": 20.025999069213867
}