{
    "center_x": -7.29714298248291,
    "center_y": -9.031620025634766,
    "center_z": 19.791189193725586,
    "size_x": 20.01799964904785,
    "size_y": 20.428000450134277,
    "size_z": 12.760000228881836
}