{
    "center_x": -0.28972673416137695,
    "center_y": -0.5363665819168091,
    "center_z": 0.06737569719552994,
    "size_x": 17.491299629211426,
    "size_y": 15.069000244140625,
    "size_z": 24.88980007171631
}