{
    "center_x": 46.44734573364258,
    "center_y": 18.007173538208008,
    "center_z": 17.919069290161133,
    "size_x": 16.290000915527344,
    "size_y": 22.326000213623047,
    "size_z": 18.981999397277832
}