{
    "center_x": 6.814295291900635,
    "center_y": -20.65599822998047,
    "center_z": -2.696235418319702,
    "size_x": 13.202000141143799,
    "size_y": 18.939001083374023,
    "size_z": 16.789000034332275
}