{
    "center_x": -30.074167251586914,
    "center_y": 1.590000033378601,
    "center_z": -8.765499114990234,
    "size_x": 14.052999496459961,
    "size_y": 12.660000085830688,
    "size_z": 16.17699956893921
}