{
    "center_x": -21.765216827392578,
    "center_y": 4.041216850280762,
    "center_z": -13.81239128112793,
    "size_x": 17.702001571655273,
    "size_y": 21.02299976348877,
    "size_z": 20.299999237060547
}