{
    "center_x": 20.661235809326172,
    "center_y": 11.418404579162598,
    "center_z": -12.666093826293945,
    "size_x": 26.551998138427734,
    "size_y": 24.54699993133545,
    "size_z": 31.945999145507812
}