{
    "center_x": -43.910823822021484,
    "center_y": 12.06485652923584,
    "center_z": 3.7378928661346436,
    "size_x": 20.81100082397461,
    "size_y": 15.899999618530273,
    "size_z": 17.822999477386475
}