{
    "center_x": 0.5523938536643982,
    "center_y": 11.381606101989746,
    "center_z": -7.236818313598633,
    "size_x": 18.34500026702881,
    "size_y": 18.496000289916992,
    "size_z": 19.98099994659424
}