{
    "center_x": 15.565250396728516,
    "center_y": -1.7385624647140503,
    "center_z": 19.878374099731445,
    "size_x": 18.36299991607666,
    "size_y": 15.933000087738037,
    "size_z": 12.624000549316406
}