{
    "center_x": 19.11971664428711,
    "center_y": -7.568078994750977,
    "center_z": 18.611360549926758,
    "size_x": 19.42699909210205,
    "size_y": 18.133999824523926,
    "size_z": 17.612000465393066
}