{
    "center_x": 81.62083435058594,
    "center_y": 75.00149536132812,
    "center_z": 97.9635009765625,
    "size_x": 16.827003479003906,
    "size_y": 14.097999572753906,
    "size_z": 13.079002380371094
}