{
    "center_x": -0.10584666579961777,
    "center_y": -0.31458333134651184,
    "center_z": -0.2720666825771332,
    "size_x": 14.97070026397705,
    "size_y": 18.054399490356445,
    "size_z": 15.090099811553955
}