{
    "center_x": -6.71311616897583,
    "center_y": -23.438627243041992,
    "center_z": -20.624370574951172,
    "size_x": 21.322999954223633,
    "size_y": 21.017000198364258,
    "size_z": 19.905000686645508
}