{
    "center_x": -24.14910316467285,
    "center_y": 10.213051795959473,
    "center_z": 16.39320945739746,
    "size_x": 17.773998260498047,
    "size_y": 21.391000747680664,
    "size_z": 21.814000129699707
}