{
    "center_x": 54.52841567993164,
    "center_y": 20.989999771118164,
    "center_z": 14.49808406829834,
    "size_x": 13.237998962402344,
    "size_y": 15.829000473022461,
    "size_z": 14.282999992370605
}