{
    "center_x": 28.941905975341797,
    "center_y": 22.258255004882812,
    "center_z": -5.183156490325928,
    "size_x": 23.55500030517578,
    "size_y": 19.604000091552734,
    "size_z": 16.749000072479248
}