{
    "center_x": 2.5052905082702637,
    "center_y": 6.104708671569824,
    "center_z": -21.643352508544922,
    "size_x": 19.04699993133545,
    "size_y": 15.655999660491943,
    "size_z": 21.125999450683594
}