{
    "center_x": 5.032962799072266,
    "center_y": -9.294739723205566,
    "center_z": 35.44511032104492,
    "size_x": 21.578999519348145,
    "size_y": 14.402999877929688,
    "size_z": 19.475000381469727
}