{
    "center_x": 196.24688720703125,
    "center_y": -0.015827106311917305,
    "center_z": 95.29336547851562,
    "size_x": 23.972991943359375,
    "size_y": 26.815000534057617,
    "size_z": 21.480003356933594
}