{
    "center_x": 20.550518035888672,
    "center_y": 18.886070251464844,
    "center_z": 66.1778335571289,
    "size_x": 18.932000160217285,
    "size_y": 20.054999351501465,
    "size_z": 14.537994384765625
}