{
    "center_x": -16.970800399780273,
    "center_y": -0.4633999764919281,
    "center_z": 88.26910400390625,
    "size_x": 14.634000778198242,
    "size_y": 13.738999843597412,
    "size_z": 13.342002868652344
}