{
    "center_x": 17.48548698425293,
    "center_y": 8.313060760498047,
    "center_z": 13.220816612243652,
    "size_x": 22.160999298095703,
    "size_y": 24.871000289916992,
    "size_z": 18.79300022125244
}