{
    "center_x": 46.3711051940918,
    "center_y": 1.6465262174606323,
    "center_z": -9.877946853637695,
    "size_x": 19.201000213623047,
    "size_y": 13.375,
    "size_z": 17.722999572753906
}