{
    "center_x": -0.16059209406375885,
    "center_y": -0.5512710213661194,
    "center_z": -0.13927897810935974,
    "size_x": 16.09469985961914,
    "size_y": 18.773200035095215,
    "size_z": 19.729999542236328
}