{
    "center_x": -22.262279510498047,
    "center_y": -20.392105102539062,
    "center_z": 0.2470344603061676,
    "size_x": 18.375999450683594,
    "size_y": 19.921001434326172,
    "size_z": 18.032999992370605
}