{
    "center_x": 22.14466667175293,
    "center_y": 10.709453582763672,
    "center_z": 31.93806266784668,
    "size_x": 19.356000900268555,
    "size_y": 21.610000610351562,
    "size_z": 18.744001388549805
}