{
    "center_x": -0.05660787597298622,
    "center_y": -0.46016982197761536,
    "center_z": -0.10949840396642685,
    "size_x": 20.84589958190918,
    "size_y": 21.02239990234375,
    "size_z": 17.89229965209961
}