{
    "center_x": 25.917261123657227,
    "center_y": 17.174650192260742,
    "center_z": 62.802913665771484,
    "size_x": 17.841999053955078,
    "size_y": 16.914000511169434,
    "size_z": 14.902999877929688
}