{
    "center_x": -0.08948241919279099,
    "center_y": -0.720015823841095,
    "center_z": -0.1755019873380661,
    "size_x": 21.00510025024414,
    "size_y": 19.737899780273438,
    "size_z": 18.021900177001953
}