{
    "center_x": 18.965166091918945,
    "center_y": 52.713253021240234,
    "center_z": 12.854083061218262,
    "size_x": 15.673999786376953,
    "size_y": 13.70199966430664,
    "size_z": 15.913999557495117
}