{
    "center_x": 0.0056030903942883015,
    "center_y": -0.5343725681304932,
    "center_z": -0.09460477530956268,
    "size_x": 24.10540008544922,
    "size_y": 17.100500106811523,
    "size_z": 23.394100189208984
}