{
    "center_x": 31.405820846557617,
    "center_y": -1.4906060695648193,
    "center_z": 25.29678726196289,
    "size_x": 21.06300163269043,
    "size_y": 16.634999752044678,
    "size_z": 21.694000244140625
}