{
    "center_x": 59.7098274230957,
    "center_y": -1.178183674812317,
    "center_z": 0.29393860697746277,
    "size_x": 24.479000091552734,
    "size_y": 20.545000076293945,
    "size_z": 20.76200008392334
}