{
    "center_x": -20.36269187927246,
    "center_y": 4.631768703460693,
    "center_z": -3.67830753326416,
    "size_x": 15.447000503540039,
    "size_y": 15.630000114440918,
    "size_z": 13.321000099182129
}