{
    "center_x": 37.67605209350586,
    "center_y": -39.241722106933594,
    "center_z": 12.940055847167969,
    "size_x": 16.373001098632812,
    "size_y": 18.173999786376953,
    "size_z": 16.793999671936035
}