{
    "center_x": 57.95361328125,
    "center_y": 17.442079544067383,
    "center_z": 14.831462860107422,
    "size_x": 14.479999542236328,
    "size_y": 12.16200065612793,
    "size_z": 16.21199893951416
}