{
    "center_x": 67.69242095947266,
    "center_y": 22.366058349609375,
    "center_z": 190.9052276611328,
    "size_x": 12.621002197265625,
    "size_y": 17.368999481201172,
    "size_z": 18.438003540039062
}