{
    "center_x": -0.02602260373532772,
    "center_y": -0.371070921421051,
    "center_z": -0.30667099356651306,
    "size_x": 18.864099502563477,
    "size_y": 19.023900032043457,
    "size_z": 15.935800075531006
}