{
    "center_x": 33.14373016357422,
    "center_y": -26.928363800048828,
    "center_z": -8.617180824279785,
    "size_x": 11.568000793457031,
    "size_y": 16.07699966430664,
    "size_z": 14.842000007629395
}