{
    "center_x": 0.002626469824463129,
    "center_y": -0.4761925935745239,
    "center_z": -0.08561331033706665,
    "size_x": 17.015199661254883,
    "size_y": 26.83099937438965,
    "size_z": 20.232500076293945
}