{
    "center_x": 26.180620193481445,
    "center_y": 26.060758590698242,
    "center_z": 40.36370086669922,
    "size_x": 20.0,
    "size_y": 17.559999465942383,
    "size_z": 27.226001739501953
}