{
    "center_x": 12.683688163757324,
    "center_y": 9.103499412536621,
    "center_z": 15.256875038146973,
    "size_x": 15.477999687194824,
    "size_y": 12.793999671936035,
    "size_z": 20.147000312805176
}