{
    "center_x": -3.080148220062256,
    "center_y": -35.2837028503418,
    "center_z": 24.859554290771484,
    "size_x": 20.248000144958496,
    "size_y": 16.270999908447266,
    "size_z": 17.0939998626709
}