{
    "center_x": -0.08948032557964325,
    "center_y": -0.7200176119804382,
    "center_z": -0.17550191283226013,
    "size_x": 16.958800315856934,
    "size_y": 20.272600173950195,
    "size_z": 21.64780044555664
}