{
    "center_x": 7.334625720977783,
    "center_y": 6.8154683113098145,
    "center_z": 22.975528717041016,
    "size_x": 19.464000701904297,
    "size_y": 18.914999961853027,
    "size_z": 20.48699951171875
}