{
    "center_x": -0.02928701601922512,
    "center_y": -0.6342053413391113,
    "center_z": -0.017374105751514435,
    "size_x": 20.396900177001953,
    "size_y": 19.373000144958496,
    "size_z": 21.81060028076172
}