{
    "center_x": -0.18633513152599335,
    "center_y": -0.47839999198913574,
    "center_z": -0.08375678211450577,
    "size_x": 15.630000114440918,
    "size_y": 16.201600074768066,
    "size_z": 21.734500885009766
}