{
    "center_x": 32.02899932861328,
    "center_y": 23.96510124206543,
    "center_z": 65.05975341796875,
    "size_x": 16.430999755859375,
    "size_y": 18.029998779296875,
    "size_z": 14.512001037597656
}