{
    "center_x": 13.921968460083008,
    "center_y": 9.867060661315918,
    "center_z": 15.047123908996582,
    "size_x": 16.86600112915039,
    "size_y": 20.236000061035156,
    "size_z": 22.28200054168701
}