{
    "center_x": -0.0127788120880723,
    "center_y": -0.7116519212722778,
    "center_z": -0.07707886397838593,
    "size_x": 16.94219970703125,
    "size_y": 18.406399726867676,
    "size_z": 20.27359962463379
}