{
    "center_x": 31.770038604736328,
    "center_y": -9.362200736999512,
    "center_z": 64.0555648803711,
    "size_x": 17.24700164794922,
    "size_y": 17.988999843597412,
    "size_z": 16.07699966430664
}