{
    "center_x": -13.944294929504395,
    "center_y": 43.309593200683594,
    "center_z": -13.775742530822754,
    "size_x": 21.107001304626465,
    "size_y": 17.65999984741211,
    "size_z": 15.699999809265137
}