{
    "center_x": 19.85883331298828,
    "center_y": -1.7399998903274536,
    "center_z": 16.894466400146484,
    "size_x": 22.1200008392334,
    "size_y": 20.520999908447266,
    "size_z": 17.6510009765625
}