{
    "center_x": 0.22960391640663147,
    "center_y": -0.1426999270915985,
    "center_z": -0.0346154123544693,
    "size_x": 17.96749973297119,
    "size_y": 23.289499282836914,
    "size_z": 18.20709991455078
}