{
    "center_x": -30.45384407043457,
    "center_y": 3.9197096824645996,
    "center_z": -20.94635581970215,
    "size_x": 26.518999099731445,
    "size_y": 13.04800009727478,
    "size_z": 18.385000228881836
}