{
    "center_x": 38.53759765625,
    "center_y": 16.49720001220703,
    "center_z": 59.47350311279297,
    "size_x": 17.106002807617188,
    "size_y": 13.267001152038574,
    "size_z": 11.583000183105469
}