{
    "center_x": 27.557382583618164,
    "center_y": -30.334354400634766,
    "center_z": 39.859249114990234,
    "size_x": 16.90999984741211,
    "size_y": 22.494001388549805,
    "size_z": 23.06399917602539
}