{
    "center_x": -24.306549072265625,
    "center_y": 0.7675999999046326,
    "center_z": 61.86979293823242,
    "size_x": 15.840999603271484,
    "size_y": 18.760000228881836,
    "size_z": 14.320999145507812
}