{
    "center_x": 22.081626892089844,
    "center_y": -8.220499992370605,
    "center_z": -17.517812728881836,
    "size_x": 17.369001388549805,
    "size_y": 23.02999973297119,
    "size_z": 17.660000801086426
}