{
    "center_x": 34.77226638793945,
    "center_y": 39.09162902832031,
    "center_z": 32.248260498046875,
    "size_x": 14.423999786376953,
    "size_y": 17.913002014160156,
    "size_z": 16.040998458862305
}