{
    "center_x": 26.946426391601562,
    "center_y": -23.223857879638672,
    "center_z": 22.936573028564453,
    "size_x": 24.35099983215332,
    "size_y": 16.301998138427734,
    "size_z": 16.422000885009766
}