{
    "center_x": -25.866926193237305,
    "center_y": 23.84010887145996,
    "center_z": -22.883445739746094,
    "size_x": 16.61199951171875,
    "size_y": 19.32499885559082,
    "size_z": 25.21299934387207
}