{
    "center_x": -0.15645451843738556,
    "center_y": 13.573182106018066,
    "center_z": 11.303455352783203,
    "size_x": 15.24899959564209,
    "size_y": 11.491000175476074,
    "size_z": 15.138999938964844
}