{
    "center_x": 26.150468826293945,
    "center_y": 10.000617027282715,
    "center_z": 10.002676963806152,
    "size_x": 15.730998992919922,
    "size_y": 23.198999404907227,
    "size_z": 20.565000534057617
}